﻿<?xml version="1.0" encoding="utf-8"?>
<deployment>
  <id>770eae454a294729b09e4d369ac861d4</id>
  <author>N/A</author>
  <deployer>OneDeploy</deployer>
  <authorEmail>N/A</authorEmail>
  <message>OneDeploy</message>
  <progress></progress>
  <status>Success</status>
  <statusText></statusText>
  <lastSuccessEndTime>2025-08-30T14:31:27.3621023Z</lastSuccessEndTime>
  <receivedTime>2025-08-30T14:31:18.8138958Z</receivedTime>
  <startTime>2025-08-30T14:31:19.0992722Z</startTime>
  <endTime>2025-08-30T14:31:27.3621023Z</endTime>
  <complete>True</complete>
  <is_temp>False</is_temp>
  <is_readonly>True</is_readonly>
  <project_type>OneDeploy</project_type>
  <vsproject_id></vsproject_id>
</deployment>