<step title="Incoming Request" date="2025-08-30T08:19:15.597" instance="f0ef07" url="/api/zipdeploy?isAsync=true" method="POST" type="request" pid="6896,2,17" Cache-Control="no-cache" Content-Length="174981768" Content-Type="application/octet-stream" Accept="*/*" Accept-Encoding="gzip, deflate" Authorization="Bea..." Host="psctech-bcdadbajcrgwa2h5.scm.southafricanorth-01.azurewebsites.net" User-Agent="AZURECLI/2.76.0 (MSI)" x-ms-client-request-id="fce10f6f-8579-11f0-acc1-f0d5bf67e011" X-ARR-LOG-ID="fce10f6f-8579-11f0-acc1-f0d5bf67e011" CLIENT-IP="41.121.22.190:17619" X-SITE-DEPLOYMENT-ID="psctech" WAS-DEFAULT-HOSTNAME="psctech-bcdadbajcrgwa2h5.scm.southafricanorth-01.azurewebsites.net" X-Forwarded-Proto="https" X-AppService-Proto="https" X-Forwarded-TlsVersion="1.3" X-WAWS-Unencoded-URL="/api/zipdeploy?isAsync=true" >
  <step title="Cleanup Xml Logs" date="2025-08-30T08:19:15.597" /><!-- duration: 16ms -->
  <step title="ZipPushDeploy" date="2025-08-30T08:19:17.895" >
    <step title="ZipDeploy. Extract zip. " date="2025-08-30T08:19:17.988" /><!-- duration: 48ms -->
    <step title="Starting PushDeployAsync" date="2025-08-30T08:19:18.067" /><!-- duration: 20ms -->
    <step title="Updating shutdown sentinel last write time" date="2025-08-30T08:19:18.459" SemaphoreCount="7" /><!-- duration: 20ms -->
    <step title="LockFile &apos;C:\home\site\locks\deployments.lock&apos; acquired" date="2025-08-30T08:19:18.488" /><!-- duration: 0ms -->
    <step title="Saving request content to C:\local\Temp\zipdeploy\1fm3cct5.zip" date="2025-08-30T08:19:18.520" >
      <step title="Writing 173,797,376 bytes to C:\local\Temp\zipdeploy\1fm3cct5.zip" date="2025-08-30T08:19:48.541" /><!-- duration: 31ms -->
      <step title="Total 174,981,768 bytes written to C:\local\Temp\zipdeploy\1fm3cct5.zip" date="2025-08-30T08:19:48.728" /><!-- duration: 0ms -->
    </step><!-- duration: 30224ms -->
    <step title="LockFile &apos;C:\home\site\locks\deployments.lock&apos; released" date="2025-08-30T08:19:48.744" /><!-- duration: 16ms -->
    <step title="Deleting shutdown sentinel file" date="2025-08-30T08:19:48.760" SemaphoreCount="8" /><!-- duration: 16ms -->
    <step title="Starting FetchDeploy" date="2025-08-30T08:19:48.791" /><!-- duration: 0ms -->
    <step title="Start deployment in the background" date="2025-08-30T08:19:48.806" /><!-- duration: 235ms -->
  </step><!-- duration: 31177ms -->
  <step title="Outgoing response" date="2025-08-30T08:19:49.292" type="response" statusCode="202" statusText="Accepted" Server="Microsoft-IIS/10.0" x-ms-request-id="fce10f6f-8579-11f0-acc1-f0d5bf67e011" Retry-After="30" Cache-Control="private" X-AspNet-Version="4.0.30319" Location="https://psctech-bcdadbajcrgwa2h5.scm.southafricanorth-01.azurewebsites.net/api/deployments/latest?deployer=ZipDeploy&amp;time=2025-08-30_08-19-49Z" /><!-- duration: 14ms -->
</step><!-- duration: 33725ms -->
