<step title="Incoming Request" date="2025-08-30T18:38:45.934" instance="f0ef07" url="/api/publish?type=zip" method="POST" type="request" pid="7220,2,43" Cache-Control="no-cache" Content-Length="22393286" Content-Type="application/octet-stream" Accept="*/*" Accept-Encoding="gzip, deflate" Authorization="Bea..." Host="psctech-bcdadbajcrgwa2h5.scm.southafricanorth-01.azurewebsites.net" User-Agent="AZURECLI/2.76.0 (MSI)" x-ms-client-request-id="853f9ae0-85d0-11f0-82a0-f0d5bf67e011" X-ARR-LOG-ID="853f9ae0-85d0-11f0-82a0-f0d5bf67e011" CLIENT-IP="41.121.22.190:31529" X-SITE-DEPLOYMENT-ID="psctech" WAS-DEFAULT-HOSTNAME="psctech-bcdadbajcrgwa2h5.scm.southafricanorth-01.azurewebsites.net" X-Forwarded-Proto="https" X-AppService-Proto="https" X-Forwarded-TlsVersion="1.3" X-WAWS-Unencoded-URL="/api/publish?type=zip" >
  <step title="Cleanup Xml Logs" date="2025-08-30T18:38:45.950" /><!-- duration: 16ms -->
  <step title="OneDeploy" date="2025-08-30T18:38:45.997" >
    <step title="Starting PushDeployAsync" date="2025-08-30T18:38:45.997" /><!-- duration: 16ms -->
    <step title="Updating shutdown sentinel last write time" date="2025-08-30T18:38:46.028" SemaphoreCount="7" /><!-- duration: 0ms -->
    <step title="LockFile &apos;C:\home\site\locks\deployments.lock&apos; acquired" date="2025-08-30T18:38:46.044" /><!-- duration: 0ms -->
    <step title="Saving request content to C:\local\Temp\zipdeploy\odobkwms.zip" date="2025-08-30T18:38:46.059" >
      <step title="Total 22,393,286 bytes written to C:\local\Temp\zipdeploy\odobkwms.zip" date="2025-08-30T18:38:48.919" /><!-- duration: 31ms -->
    </step><!-- duration: 2891ms -->
    <step title="LockFile &apos;C:\home\site\locks\deployments.lock&apos; released" date="2025-08-30T18:38:48.966" /><!-- duration: 0ms -->
    <step title="Deleting shutdown sentinel file" date="2025-08-30T18:38:48.981" SemaphoreCount="8" /><!-- duration: 0ms -->
    <step title="Starting FetchDeploy" date="2025-08-30T18:38:48.981" /><!-- duration: 16ms -->
    <step title="Attempting to fetch target branch HEAD" date="2025-08-30T18:38:48.997" /><!-- duration: 0ms -->
    <step title="Updating shutdown sentinel last write time" date="2025-08-30T18:38:49.013" SemaphoreCount="7" /><!-- duration: 0ms -->
    <step title="LockFile &apos;C:\home\site\locks\deployments.lock&apos; acquired" date="2025-08-30T18:38:49.028" /><!-- duration: 0ms -->
    <step title="Performing fetch based deployment" date="2025-08-30T18:38:49.044" >
      <step title="Creating temporary deployment" date="2025-08-30T18:38:49.044" /><!-- duration: 78ms -->
      <step title="Fetching changes." date="2025-08-30T18:38:49.185" /><!-- duration: 30ms -->
      <step title="Starting LocalZipHandler" date="2025-08-30T18:38:49.231" /><!-- duration: 16ms -->
      <step title="Starting LocalZipFetch" date="2025-08-30T18:38:49.247" /><!-- duration: 0ms -->
      <step title="Cleaning up temp folders from previous zip deployments and extracting pushed zip file C:\local\Temp\zipdeploy\odobkwms.zip (21.36 MB) to C:\local\Temp\zipdeploy\extracted" date="2025-08-30T18:38:49.263" /><!-- duration: 0ms -->
      <step title="Cleaning up temp folders from previous zip deployments and extracting pushed zip file C:\local\Temp\zipdeploy\odobkwms.zip (21.36 MB) to C:\local\Temp\zipdeploy\extracted" date="2025-08-30T18:38:49.278" >
        <step title="Renaming extractTargetDirectory(C:\local\Temp\zipdeploy\extracted) to tempDirectory(C:\local\Temp\zipdeploy\ylyrhtks.w43)" date="2025-08-30T18:38:49.278" /><!-- duration: 16ms -->
        <step title="Extracting 277 entries to C:\local\Temp\zipdeploy\extracted directory" date="2025-08-30T18:38:49.294" >
          <step title="Extracting to C:\local\Temp\zipdeploy\extracted\af\Humanizer.resources.dll ..." date="2025-08-30T18:38:49.671" /><!-- duration: 0ms -->
          <step title="Extracting to C:\local\Temp\zipdeploy\extracted\ar\Humanizer.resources.dll ..." date="2025-08-30T18:38:49.684" /><!-- duration: 0ms -->
          <step title="Extracting to C:\local\Temp\zipdeploy\extracted\az\Humanizer.resources.dll ..." date="2025-08-30T18:38:49.684" /><!-- duration: 16ms -->
          <step title="Extracting to C:\local\Temp\zipdeploy\extracted\bg\Humanizer.resources.dll ..." date="2025-08-30T18:38:49.700" /><!-- duration: 16ms -->
          <step title="Extracting to C:\local\Temp\zipdeploy\extracted\bn-BD\Humanizer.resources.dll ..." date="2025-08-30T18:38:49.716" /><!-- duration: 16ms -->
          <step title="Omitting extracting file traces ..." date="2025-08-30T18:38:49.731" /><!-- duration: 0ms -->
        </step><!-- duration: 3969ms -->
      </step><!-- duration: 4003ms -->
      <step title="None repository commit" date="2025-08-30T18:38:53.294" >
        <step title="Commit id: 18493085d18a466ea73201b3f7c6f0c0" date="2025-08-30T18:38:53.294" Message="OneDeploy" AuthorName="N/A" AuthorEmail="N/A" /><!-- duration: 0ms -->
      </step><!-- duration: 16ms -->
      <step title="Before sending BuildRequestReceived status to /api/updatedeploystatus" date="2025-08-30T18:38:53.310" /><!-- duration: 0ms -->
      <step title="DeploymentManager.Deploy(id:18493085d18a466ea73201b3f7c6f0c0)" date="2025-08-30T18:38:53.310" >
        <step title="Collecting changeset information" date="2025-08-30T18:38:53.325" /><!-- duration: 78ms -->
        <step title="Updating submodules" date="2025-08-30T18:38:53.403" >
          <step title="Updating submodules." date="2025-08-30T18:38:53.528" /><!-- duration: 0ms -->
        </step><!-- duration: 141ms -->
        <step title="Preparing deployment for commit id &apos;18493085d1&apos;." date="2025-08-30T18:38:53.638" /><!-- duration: 0ms -->
        <step title="Determining deployment builder" date="2025-08-30T18:38:53.719" >
          <step title="Builder is OneDeployBuilder" date="2025-08-30T18:38:53.731" /><!-- duration: 0ms -->
        </step><!-- duration: 13ms -->
        <step title="Copying SSH keys" date="2025-08-30T18:38:53.747" /><!-- duration: 0ms -->
        <step title="Building" date="2025-08-30T18:38:53.763" >
          <step title="Running build. Project type: OneDeploy" date="2025-08-30T18:38:53.825" /><!-- duration: 0ms -->
          <step title="Copying the manifest" date="2025-08-30T18:38:53.904" /><!-- duration: 0ms -->
          <step title="Clean deploying to C:\home\site\wwwroot" date="2025-08-30T18:38:53.981" /><!-- duration: 16ms -->
          <step title="Generating deployment script." date="2025-08-30T18:38:54.185" /><!-- duration: 0ms -->
          <step title="Generating deployment script" date="2025-08-30T18:38:54.185" >
            <step title="Using cached version of the deployment script for command: -y --no-dot-deployment -r &quot;C:\local\Temp\zipdeploy\extracted&quot; -o &quot;C:\home\site\deployments\tools&quot; --basic --sitePath &quot;C:\local\Temp\zipdeploy\extracted&quot;" date="2025-08-30T18:38:54.231" /><!-- duration: 0ms -->
            <step title="Using cached version of deployment script (command: &apos;azure -y --no-dot-deployment -r &quot;C:\local\Temp\zipdeploy\extracted&quot; -o &quot;C:\home\site\deployments\tools&quot; --basic --sitePath &quot;C:\local\Temp\zipdeploy\extracted&quot;&apos;)." date="2025-08-30T18:38:54.247" /><!-- duration: 0ms -->
          </step><!-- duration: 94ms -->
          <step title="Running deployment command..." date="2025-08-30T18:38:54.341" /><!-- duration: 0ms -->
          <step title="Command: &quot;C:\home\site\deployments\tools\deploy.cmd&quot;" date="2025-08-30T18:38:54.372" /><!-- duration: 0ms -->
          <step title="Executing external process" date="2025-08-30T18:38:54.388" type="process" path="starter.cmd" arguments="&quot;C:\home\site\deployments\tools\deploy.cmd&quot;" >
            <step title="Handling Basic Web Site deployment." date="2025-08-30T18:38:54.935" /><!-- duration: 0ms -->
            <step title="Creating app_offline.htm" date="2025-08-30T18:39:00.095" /><!-- duration: 29ms -->
            <step title="KuduSync.NET from: &apos;C:\local\Temp\zipdeploy\extracted&apos; to: &apos;C:\home\site\wwwroot&apos;" date="2025-08-30T18:39:00.154" /><!-- duration: 47ms -->
            <step title="Copying file: &apos;psctech-backend.dll&apos;" date="2025-08-30T18:39:00.248" /><!-- duration: 47ms -->
            <step title="Copying file: &apos;psctech-backend.exe&apos;" date="2025-08-30T18:39:00.326" /><!-- duration: 0ms -->
            <step title="Copying file: &apos;psctech-backend.pdb&apos;" date="2025-08-30T18:39:00.342" /><!-- duration: 0ms -->
            <step title="Copying file: &apos;publish\publish\publish\appsettings.json&apos;" date="2025-08-30T18:39:00.393" /><!-- duration: 11ms -->
            <step title="Copying file: &apos;publish\publish\publish\appsettings.Production.json&apos;" date="2025-08-30T18:39:00.420" /><!-- duration: 0ms -->
            <step title="Copying file: &apos;publish\publish\publish\azure-deploy.json&apos;" date="2025-08-30T18:39:00.435" /><!-- duration: 16ms -->
            <step title="Copying file: &apos;publish\publish\publish\psctech-backend.deps.json&apos;" date="2025-08-30T18:39:00.451" /><!-- duration: 16ms -->
            <step title="Copying file: &apos;publish\publish\publish\psctech-backend.runtimeconfig.json&apos;" date="2025-08-30T18:39:00.482" /><!-- duration: 0ms -->
            <step title="Copying file: &apos;publish\publish\publish\psctech-backend.staticwebassets.endpoints.json&apos;" date="2025-08-30T18:39:00.498" /><!-- duration: 16ms -->
            <step title="Copying file: &apos;publish\publish\publish\web.config&apos;" date="2025-08-30T18:39:00.529" /><!-- duration: 0ms -->
            <step title="Deleting app_offline.htm" date="2025-08-30T18:39:00.545" /><!-- duration: 0ms -->
            <step title="Finished successfully." date="2025-08-30T18:39:00.560" /><!-- duration: 0ms -->
          </step><!-- duration: 6189ms -->
          <step title="Build completed succesfully." date="2025-08-30T18:39:00.701" /><!-- duration: 16ms -->
          <step title="Running post deployment command(s)..." date="2025-08-30T18:39:00.810" /><!-- duration: 0ms -->
          <step title="Requesting site restart" date="2025-08-30T18:39:00.888" /><!-- duration: 0ms -->
          <step title="Requesting site restart" date="2025-08-30T18:39:00.906" /><!-- duration: 30ms -->
          <step title="Requesting site restart. Attempt #1" date="2025-08-30T18:39:01.001" /><!-- duration: 13ms -->
          <step title="Requesting site restart. Attempt #1" date="2025-08-30T18:39:01.060" /><!-- duration: 0ms -->
          <step title="Successfully requested a restart. Attempt #1" date="2025-08-30T18:39:01.451" /><!-- duration: 18ms -->
          <step title="Successfully requested a restart. Attempt #1" date="2025-08-30T18:39:01.482" /><!-- duration: 0ms -->
          <step title="Deployment successful. DEPLOYMENTINFO: deploymentPath = OneDeploy, deployer = OneDeploy, os = windows, sku = Standard, siteName = psctech, siteHostName = psctech-bcdadbajcrgwa2h5.southafricanorth-01.azurewebsites.net, deploymentStatus = Success" date="2025-08-30T18:39:01.562" /><!-- duration: 19ms -->
          <step title="Purge deployment items" date="2025-08-30T18:39:01.810" >
            <step title="Remove d3e6993a6, Success, received at 8/30/2025 8:19:57 AM" date="2025-08-30T18:39:01.904" /><!-- duration: 16ms -->
          </step><!-- duration: 109ms -->
        </step><!-- duration: 8188ms -->
      </step><!-- duration: 8657ms -->
      <step title="Cleaning up temp files" date="2025-08-30T18:39:01.998" /><!-- duration: 16ms -->
      <step title="Skip function trigger and logicapp sync because function is not enabled." date="2025-08-30T18:39:02.033" /><!-- duration: 12ms -->
    </step><!-- duration: 13110ms -->
    <step title="LockFile &apos;C:\home\site\locks\deployments.lock&apos; released" date="2025-08-30T18:39:02.174" /><!-- duration: 0ms -->
    <step title="Deleting shutdown sentinel file" date="2025-08-30T18:39:02.185" SemaphoreCount="8" /><!-- duration: 0ms -->
  </step><!-- duration: 16224ms -->
  <step title="Outgoing response" date="2025-08-30T18:39:02.232" type="response" statusCode="200" statusText="OK" Server="Microsoft-IIS/10.0" x-ms-request-id="853f9ae0-85d0-11f0-82a0-f0d5bf67e011" Cache-Control="private" X-AspNet-Version="4.0.30319" /><!-- duration: 0ms -->
</step><!-- duration: 16298ms -->
