<step title="BackgroundTrace" date="2025-08-30T03:24:49.558" instance="f0ef07" url="/api/zipdeploy" method="POST" >
  <step title="Updating shutdown sentinel last write time" date="2025-08-30T03:24:49.589" SemaphoreCount="7" /><!-- duration: 16ms -->
  <step title="LockFile &apos;C:\home\site\locks\deployments.lock&apos; acquired" date="2025-08-30T03:24:49.605" /><!-- duration: 16ms -->
  <step title="Creating temporary deployment" date="2025-08-30T03:24:49.620" /><!-- duration: 62ms -->
  <step title="Performing fetch based deployment" date="2025-08-30T03:24:49.699" >
    <step title="Fetching changes." date="2025-08-30T03:24:49.825" /><!-- duration: 30ms -->
    <step title="Starting LocalZipHandler" date="2025-08-30T03:24:49.855" /><!-- duration: 16ms -->
    <step title="Cleaning up temp folders from previous zip deployments and extracting pushed zip file C:\local\Temp\zipdeploy\o4oh3mvb.zip (41.74 MB) to C:\local\Temp\zipdeploy\extracted" date="2025-08-30T03:24:49.917" /><!-- duration: 0ms -->
    <step title="Cleaning up temp folders from previous zip deployments and extracting pushed zip file C:\local\Temp\zipdeploy\o4oh3mvb.zip (41.74 MB) to C:\local\Temp\zipdeploy\extracted" date="2025-08-30T03:24:49.933" >
      <step title="Renaming extractTargetDirectory(C:\local\Temp\zipdeploy\extracted) to tempDirectory(C:\local\Temp\zipdeploy\4txkihay.vtm)" date="2025-08-30T03:24:49.933" /><!-- duration: 0ms -->
      <step title="Extracting 281 entries to C:\local\Temp\zipdeploy\extracted directory" date="2025-08-30T03:24:50.140" >
        <step title="Extracting to C:\local\Temp\zipdeploy\extracted\af\Humanizer.resources.dll ..." date="2025-08-30T03:24:50.152" /><!-- duration: 31ms -->
        <step title="Extracting to C:\local\Temp\zipdeploy\extracted\api\auth.js ..." date="2025-08-30T03:24:50.201" /><!-- duration: 13ms -->
        <step title="Extracting to C:\local\Temp\zipdeploy\extracted\api\competitions.js ..." date="2025-08-30T03:24:50.251" /><!-- duration: 10ms -->
        <step title="Extracting to C:\local\Temp\zipdeploy\extracted\api\index.js ..." date="2025-08-30T03:24:50.281" /><!-- duration: 11ms -->
        <step title="Extracting to C:\local\Temp\zipdeploy\extracted\api\institutions.js ..." date="2025-08-30T03:24:50.311" /><!-- duration: 12ms -->
        <step title="Omitting extracting file traces ..." date="2025-08-30T03:24:50.341" /><!-- duration: 30ms -->
      </step><!-- duration: 4467ms -->
    </step><!-- duration: 4688ms -->
    <step title="Before sending BuildRequestReceived status to /api/updatedeploystatus" date="2025-08-30T03:24:54.636" /><!-- duration: 0ms -->
    <step title="DeploymentManager.Deploy(id:93d25675c3094a6aacb93d9297480d61)" date="2025-08-30T03:24:54.636" >
      <step title="Collecting changeset information" date="2025-08-30T03:24:54.667" /><!-- duration: 113ms -->
      <step title="Updating submodules" date="2025-08-30T03:24:54.780" >
        <step title="Updating submodules." date="2025-08-30T03:24:54.894" /><!-- duration: 11ms -->
      </step><!-- duration: 141ms -->
      <step title="Preparing deployment for commit id &apos;93d25675c3&apos;." date="2025-08-30T03:24:55.014" /><!-- duration: 0ms -->
      <step title="Determining deployment builder" date="2025-08-30T03:24:55.155" >
        <step title="Builder is BasicBuilder" date="2025-08-30T03:24:55.155" /><!-- duration: 16ms -->
      </step><!-- duration: 16ms -->
      <step title="Copying SSH keys" date="2025-08-30T03:24:55.217" /><!-- duration: 16ms -->
      <step title="Building" date="2025-08-30T03:24:55.233" >
        <step title="Generating deployment script." date="2025-08-30T03:24:55.311" /><!-- duration: 0ms -->
        <step title="Generating deployment script" date="2025-08-30T03:24:55.327" >
          <step title="Using cached version of the deployment script for command: -y --no-dot-deployment -r &quot;C:\local\Temp\zipdeploy\extracted&quot; -o &quot;C:\home\site\deployments\tools&quot; --basic --sitePath &quot;C:\local\Temp\zipdeploy\extracted&quot;" date="2025-08-30T03:24:55.358" /><!-- duration: 0ms -->
          <step title="Using cached version of deployment script (command: &apos;azure -y --no-dot-deployment -r &quot;C:\local\Temp\zipdeploy\extracted&quot; -o &quot;C:\home\site\deployments\tools&quot; --basic --sitePath &quot;C:\local\Temp\zipdeploy\extracted&quot;&apos;)." date="2025-08-30T03:24:55.374" /><!-- duration: 0ms -->
        </step><!-- duration: 47ms -->
        <step title="Running deployment command..." date="2025-08-30T03:24:55.437" /><!-- duration: 0ms -->
        <step title="Command: &quot;C:\home\site\deployments\tools\deploy.cmd&quot;" date="2025-08-30T03:24:55.468" /><!-- duration: 0ms -->
        <step title="Executing external process" date="2025-08-30T03:24:55.502" type="process" path="starter.cmd" arguments="&quot;C:\home\site\deployments\tools\deploy.cmd&quot;" >
          <step title="Handling Basic Web Site deployment." date="2025-08-30T03:24:56.098" /><!-- duration: 10ms -->
          <step title="Creating app_offline.htm" date="2025-08-30T03:25:03.054" /><!-- duration: 16ms -->
          <step title="KuduSync.NET from: &apos;C:\local\Temp\zipdeploy\extracted&apos; to: &apos;C:\home\site\wwwroot&apos;" date="2025-08-30T03:25:03.087" /><!-- duration: 0ms -->
          <step title="Copying file: &apos;appsettings.json&apos;" date="2025-08-30T03:25:03.117" /><!-- duration: 31ms -->
          <step title="Copying file: &apos;appsettings.Production.json&apos;" date="2025-08-30T03:25:03.179" /><!-- duration: 0ms -->
          <step title="Copying file: &apos;azure-deploy.json&apos;" date="2025-08-30T03:25:03.194" /><!-- duration: 0ms -->
          <step title="Copying file: &apos;package-lock.json&apos;" date="2025-08-30T03:25:03.210" /><!-- duration: 0ms -->
          <step title="Copying file: &apos;package.json&apos;" date="2025-08-30T03:25:03.226" /><!-- duration: 0ms -->
          <step title="Copying file: &apos;psctech-backend.deps.json&apos;" date="2025-08-30T03:25:03.277" /><!-- duration: 11ms -->
          <step title="Copying file: &apos;psctech-backend.dll&apos;" date="2025-08-30T03:25:03.307" /><!-- duration: 12ms -->
          <step title="Copying file: &apos;psctech-backend.exe&apos;" date="2025-08-30T03:25:03.335" /><!-- duration: 0ms -->
          <step title="Copying file: &apos;psctech-backend.pdb&apos;" date="2025-08-30T03:25:03.351" /><!-- duration: 0ms -->
          <step title="Copying file: &apos;psctech-backend.runtimeconfig.json&apos;" date="2025-08-30T03:25:03.366" /><!-- duration: 0ms -->
          <step title="Copying file: &apos;firebase\service-account.json&apos;" date="2025-08-30T03:25:03.382" /><!-- duration: 16ms -->
          <step title="Copying file: &apos;out\psctech-backend.deps.json&apos;" date="2025-08-30T03:25:03.413" /><!-- duration: 0ms -->
          <step title="Copying file: &apos;out\psctech-backend.runtimeconfig.json&apos;" date="2025-08-30T03:25:03.444" /><!-- duration: 0ms -->
          <step title="Copying file: &apos;out\psctech-backend.staticwebassets.endpoints.json&apos;" date="2025-08-30T03:25:03.476" /><!-- duration: 16ms -->
          <step title="Copying file: &apos;out\web.config&apos;" date="2025-08-30T03:25:03.491" /><!-- duration: 16ms -->
          <step title="Deleting app_offline.htm" date="2025-08-30T03:25:03.522" /><!-- duration: 0ms -->
          <step title="Finished successfully." date="2025-08-30T03:25:03.538" /><!-- duration: 0ms -->
        </step><!-- duration: 8036ms -->
        <step title="Running post deployment command(s)..." date="2025-08-30T03:25:03.663" /><!-- duration: 19ms -->
        <step title="Triggering recycle (preview mode disabled)." date="2025-08-30T03:25:03.757" /><!-- duration: 0ms -->
        <step title="Ignoring FS watcher based recycle request as this is a classic Windows app." date="2025-08-30T03:25:03.772" /><!-- duration: 16ms -->
        <step title="Deployment successful. DEPLOYMENTINFO: deploymentPath = ZipDeploy. Extract zip. , deployer = ZipDeploy, os = windows, sku = Standard, siteName = psctech, siteHostName = psctech-bcdadbajcrgwa2h5.southafricanorth-01.azurewebsites.net, deploymentStatus = Success" date="2025-08-30T03:25:03.866" /><!-- duration: 0ms -->
      </step><!-- duration: 8805ms -->
    </step><!-- duration: 9418ms -->
    <step title="Cleaning up temp files" date="2025-08-30T03:25:04.054" /><!-- duration: 17ms -->
    <step title="Skip function trigger and logicapp sync because function is not enabled." date="2025-08-30T03:25:04.085" /><!-- duration: 0ms -->
  </step><!-- duration: 14433ms -->
  <step title="LockFile &apos;C:\home\site\locks\deployments.lock&apos; released" date="2025-08-30T03:25:04.132" /><!-- duration: 16ms -->
  <step title="Deleting shutdown sentinel file" date="2025-08-30T03:25:04.148" SemaphoreCount="8" /><!-- duration: 16ms -->
</step><!-- duration: 14605ms -->
