<step title="Incoming Request" date="2025-08-30T06:44:46.166" instance="f0ef07" url="/api/zipdeploy?isAsync=true" method="POST" type="request" pid="6148,2,23" Cache-Control="no-cache" Content-Length="174906119" Content-Type="application/octet-stream" Accept="*/*" Accept-Encoding="gzip, deflate" Authorization="Bea..." Host="psctech-bcdadbajcrgwa2h5.scm.southafricanorth-01.azurewebsites.net" User-Agent="AZURECLI/2.76.0 (MSI)" x-ms-client-request-id="cb4a6cbd-856c-11f0-8687-f0d5bf67e011" X-ARR-LOG-ID="cb4a6cbd-856c-11f0-8687-f0d5bf67e011" CLIENT-IP="41.121.22.190:16879" X-SITE-DEPLOYMENT-ID="psctech" WAS-DEFAULT-HOSTNAME="psctech-bcdadbajcrgwa2h5.scm.southafricanorth-01.azurewebsites.net" X-Forwarded-Proto="https" X-AppService-Proto="https" X-Forwarded-TlsVersion="1.3" X-WAWS-Unencoded-URL="/api/zipdeploy?isAsync=true" >
  <step title="Cleanup Xml Logs" date="2025-08-30T06:44:46.197" /><!-- duration: 15ms -->
  <step title="ZipPushDeploy" date="2025-08-30T06:44:47.134" >
    <step title="ZipDeploy. Extract zip. " date="2025-08-30T06:44:47.212" /><!-- duration: 0ms -->
    <step title="Starting PushDeployAsync" date="2025-08-30T06:44:47.243" /><!-- duration: 16ms -->
    <step title="Updating shutdown sentinel last write time" date="2025-08-30T06:44:47.514" SemaphoreCount="7" /><!-- duration: 10ms -->
    <step title="LockFile &apos;C:\home\site\locks\deployments.lock&apos; acquired" date="2025-08-30T06:44:47.555" /><!-- duration: 0ms -->
    <step title="Saving request content to C:\local\Temp\zipdeploy\wq03sxxw.zip" date="2025-08-30T06:44:47.571" >
      <step title="Writing 172,879,872 bytes to C:\local\Temp\zipdeploy\wq03sxxw.zip" date="2025-08-30T06:45:17.603" /><!-- duration: 16ms -->
      <step title="Total 174,906,119 bytes written to C:\local\Temp\zipdeploy\wq03sxxw.zip" date="2025-08-30T06:45:17.978" /><!-- duration: 16ms -->
    </step><!-- duration: 30423ms -->
    <step title="LockFile &apos;C:\home\site\locks\deployments.lock&apos; released" date="2025-08-30T06:45:18.025" /><!-- duration: 0ms -->
    <step title="Deleting shutdown sentinel file" date="2025-08-30T06:45:18.041" SemaphoreCount="8" /><!-- duration: 0ms -->
    <step title="Starting FetchDeploy" date="2025-08-30T06:45:18.074" /><!-- duration: 30ms -->
    <step title="Start deployment in the background" date="2025-08-30T06:45:18.119" >
      <step title="Starting LocalZipFetch" date="2025-08-30T06:45:18.603" /><!-- duration: 0ms -->
    </step><!-- duration: 666ms -->
  </step><!-- duration: 31652ms -->
  <step title="Outgoing response" date="2025-08-30T06:45:21.914" type="response" statusCode="202" statusText="Accepted" Server="Microsoft-IIS/10.0" x-ms-request-id="cb4a6cbd-856c-11f0-8687-f0d5bf67e011" Retry-After="30" Cache-Control="private" X-AspNet-Version="4.0.30319" Location="https://psctech-bcdadbajcrgwa2h5.scm.southafricanorth-01.azurewebsites.net/api/deployments/latest?deployer=ZipDeploy&amp;time=2025-08-30_06-45-18Z" /><!-- duration: 12ms -->
</step><!-- duration: 35778ms -->
