<step title="BackgroundTrace" date="2025-08-30T11:54:00.772" instance="f0ef07" url="/api/zipdeploy" method="POST" >
  <step title="Cleanup Xml Logs" date="2025-08-30T11:54:00.788" /><!-- duration: 0ms -->
  <step title="Updating shutdown sentinel last write time" date="2025-08-30T11:54:00.851" SemaphoreCount="7" /><!-- duration: 15ms -->
  <step title="LockFile &apos;C:\home\site\locks\deployments.lock&apos; acquired" date="2025-08-30T11:54:00.866" /><!-- duration: 0ms -->
  <step title="Creating temporary deployment" date="2025-08-30T11:54:00.882" /><!-- duration: 94ms -->
  <step title="Performing fetch based deployment" date="2025-08-30T11:54:01.023" >
    <step title="Fetching changes." date="2025-08-30T11:54:01.335" /><!-- duration: 16ms -->
    <step title="Starting LocalZipHandler" date="2025-08-30T11:54:01.366" /><!-- duration: 0ms -->
    <step title="Cleaning up temp folders from previous zip deployments and extracting pushed zip file C:\local\Temp\zipdeploy\ykg4lumz.zip (167.07 MB) to C:\local\Temp\zipdeploy\extracted" date="2025-08-30T11:54:01.476" /><!-- duration: 0ms -->
    <step title="Cleaning up temp folders from previous zip deployments and extracting pushed zip file C:\local\Temp\zipdeploy\ykg4lumz.zip (167.07 MB) to C:\local\Temp\zipdeploy\extracted" date="2025-08-30T11:54:01.507" >
      <step title="Extracting 305 entries to C:\local\Temp\zipdeploy\extracted directory" date="2025-08-30T11:54:01.587" >
        <step title="Extracting to C:\local\Temp\zipdeploy\extracted\af\Humanizer.resources.dll ..." date="2025-08-30T11:54:01.617" /><!-- duration: 20ms -->
        <step title="Extracting to C:\local\Temp\zipdeploy\extracted\ar\Humanizer.resources.dll ..." date="2025-08-30T11:54:01.647" /><!-- duration: 20ms -->
        <step title="Extracting to C:\local\Temp\zipdeploy\extracted\az\Humanizer.resources.dll ..." date="2025-08-30T11:54:01.679" /><!-- duration: 19ms -->
        <step title="Extracting to C:\local\Temp\zipdeploy\extracted\bg\Humanizer.resources.dll ..." date="2025-08-30T11:54:01.710" /><!-- duration: 18ms -->
        <step title="Extracting to C:\local\Temp\zipdeploy\extracted\bn-BD\Humanizer.resources.dll ..." date="2025-08-30T11:54:01.748" /><!-- duration: 10ms -->
        <step title="Omitting extracting file traces ..." date="2025-08-30T11:54:01.778" /><!-- duration: 10ms -->
      </step><!-- duration: 6000ms -->
    </step><!-- duration: 6190ms -->
    <step title="Before sending BuildRequestReceived status to /api/updatedeploystatus" date="2025-08-30T11:54:07.777" /><!-- duration: 60ms -->
    <step title="DeploymentManager.Deploy(id:18468e59ec164a07b49ccd12bfd25ac1)" date="2025-08-30T11:54:07.868" >
      <step title="Collecting changeset information" date="2025-08-30T11:54:07.948" /><!-- duration: 171ms -->
      <step title="Updating submodules" date="2025-08-30T11:54:08.132" >
        <step title="Updating submodules." date="2025-08-30T11:54:08.230" /><!-- duration: 11ms -->
      </step><!-- duration: 141ms -->
      <step title="Preparing deployment for commit id &apos;18468e59ec&apos;." date="2025-08-30T11:54:09.044" /><!-- duration: 10ms -->
      <step title="Determining deployment builder" date="2025-08-30T11:54:09.305" >
        <step title="Builder is BasicBuilder" date="2025-08-30T11:54:09.366" /><!-- duration: 19ms -->
      </step><!-- duration: 92ms -->
      <step title="Copying SSH keys" date="2025-08-30T11:54:09.476" /><!-- duration: 20ms -->
      <step title="Building" date="2025-08-30T11:54:09.507" >
        <step title="Generating deployment script." date="2025-08-30T11:54:09.663" /><!-- duration: 84ms -->
        <step title="Generating deployment script" date="2025-08-30T11:54:09.777" >
          <step title="Using cached version of the deployment script for command: -y --no-dot-deployment -r &quot;C:\local\Temp\zipdeploy\extracted&quot; -o &quot;C:\home\site\deployments\tools&quot; --basic --sitePath &quot;C:\local\Temp\zipdeploy\extracted&quot;" date="2025-08-30T11:54:09.960" /><!-- duration: 18ms -->
          <step title="Using cached version of deployment script (command: &apos;azure -y --no-dot-deployment -r &quot;C:\local\Temp\zipdeploy\extracted&quot; -o &quot;C:\home\site\deployments\tools&quot; --basic --sitePath &quot;C:\local\Temp\zipdeploy\extracted&quot;&apos;)." date="2025-08-30T11:54:10.008" /><!-- duration: 30ms -->
        </step><!-- duration: 342ms -->
        <step title="Running deployment command..." date="2025-08-30T11:54:10.320" /><!-- duration: 31ms -->
        <step title="Command: &quot;C:\home\site\deployments\tools\deploy.cmd&quot;" date="2025-08-30T11:54:10.480" /><!-- duration: 11ms -->
        <step title="Executing external process" date="2025-08-30T11:54:10.571" type="process" path="starter.cmd" arguments="&quot;C:\home\site\deployments\tools\deploy.cmd&quot;" >
          <step title="Handling Basic Web Site deployment." date="2025-08-30T11:54:11.916" /><!-- duration: 30ms -->
          <step title="Creating app_offline.htm" date="2025-08-30T11:54:19.460" /><!-- duration: 18ms -->
          <step title="KuduSync.NET from: &apos;C:\local\Temp\zipdeploy\extracted&apos; to: &apos;C:\home\site\wwwroot&apos;" date="2025-08-30T11:54:19.528" /><!-- duration: 10ms -->
          <step title="Copying file: &apos;appsettings.json&apos;" date="2025-08-30T11:54:19.669" /><!-- duration: 182ms -->
          <step title="Copying file: &apos;appsettings.Production.json&apos;" date="2025-08-30T11:54:19.991" /><!-- duration: 381ms -->
          <step title="Copying file: &apos;package-lock.json&apos;" date="2025-08-30T11:54:20.585" /><!-- duration: 129ms -->
          <step title="Copying file: &apos;package.json&apos;" date="2025-08-30T11:54:20.795" /><!-- duration: 40ms -->
          <step title="Copying file: &apos;out\appsettings.json&apos;" date="2025-08-30T11:54:20.965" /><!-- duration: 60ms -->
          <step title="Copying file: &apos;out\appsettings.Production.json&apos;" date="2025-08-30T11:54:21.197" /><!-- duration: 110ms -->
          <step title="Copying file: &apos;out\psctech-backend.deps.json&apos;" date="2025-08-30T11:54:21.508" /><!-- duration: 50ms -->
          <step title="Copying file: &apos;out\psctech-backend.runtimeconfig.json&apos;" date="2025-08-30T11:54:21.601" /><!-- duration: 129ms -->
          <step title="Copying file: &apos;out\out\psctech-backend.deps.json&apos;" date="2025-08-30T11:54:22.071" /><!-- duration: 92ms -->
          <step title="Copying file: &apos;out\out\psctech-backend.runtimeconfig.json&apos;" date="2025-08-30T11:54:22.194" /><!-- duration: 17ms -->
          <step title="Copying file: &apos;out\out\out\appsettings.json&apos;" date="2025-08-30T11:54:22.352" /><!-- duration: 50ms -->
          <step title="Copying file: &apos;out\out\out\appsettings.Production.json&apos;" date="2025-08-30T11:54:22.476" /><!-- duration: 17ms -->
          <step title="Copying file: &apos;out\out\out\azure-deploy.json&apos;" date="2025-08-30T11:54:22.603" /><!-- duration: 13ms -->
          <step title="Copying file: &apos;out\out\out\package-lock.json&apos;" date="2025-08-30T11:54:22.664" /><!-- duration: 31ms -->
          <step title="Copying file: &apos;out\out\out\package.json&apos;" date="2025-08-30T11:54:22.744" /><!-- duration: 13ms -->
          <step title="Copying file: &apos;out\out\out\psctech-backend.deps.json&apos;" date="2025-08-30T11:54:22.804" /><!-- duration: 0ms -->
          <step title="Copying file: &apos;out\out\out\psctech-backend.runtimeconfig.json&apos;" date="2025-08-30T11:54:22.866" /><!-- duration: 18ms -->
          <step title="Copying file: &apos;out\out\out\firebase\service-account.json&apos;" date="2025-08-30T11:54:22.945" /><!-- duration: 50ms -->
          <step title="Copying file: &apos;out\out\out\out\appsettings.json&apos;" date="2025-08-30T11:54:23.025" /><!-- duration: 0ms -->
          <step title="Copying file: &apos;out\out\out\out\appsettings.Production.json&apos;" date="2025-08-30T11:54:23.056" /><!-- duration: 20ms -->
          <step title="Copying file: &apos;out\out\out\out\azure-deploy.json&apos;" date="2025-08-30T11:54:23.106" /><!-- duration: 11ms -->
          <step title="Copying file: &apos;out\out\out\out\package-lock.json&apos;" date="2025-08-30T11:54:23.136" /><!-- duration: 12ms -->
          <step title="Copying file: &apos;out\out\out\out\package.json&apos;" date="2025-08-30T11:54:23.179" /><!-- duration: 17ms -->
          <step title="Copying file: &apos;out\out\out\out\psctech-backend.deps.json&apos;" date="2025-08-30T11:54:23.226" /><!-- duration: 0ms -->
          <step title="Copying file: &apos;out\out\out\out\psctech-backend.runtimeconfig.json&apos;" date="2025-08-30T11:54:23.257" /><!-- duration: 20ms -->
          <step title="Copying file: &apos;out\out\out\out\psctech-backend.staticwebassets.endpoints.json&apos;" date="2025-08-30T11:54:23.288" /><!-- duration: 0ms -->
          <step title="Copying file: &apos;out\out\out\out\firebase\service-account.json&apos;" date="2025-08-30T11:54:23.319" /><!-- duration: 18ms -->
          <step title="Copying file: &apos;out\out\out\out\out\psctech-backend.deps.json&apos;" date="2025-08-30T11:54:23.351" /><!-- duration: 17ms -->
          <step title="Copying file: &apos;out\out\out\out\out\psctech-backend.runtimeconfig.json&apos;" date="2025-08-30T11:54:23.418" /><!-- duration: 11ms -->
          <step title="Copying file: &apos;out\out\out\out\out\psctech-backend.staticwebassets.endpoints.json&apos;" date="2025-08-30T11:54:23.448" /><!-- duration: 12ms -->
          <step title="Copying file: &apos;web.config&apos;" date="2025-08-30T11:54:23.476" /><!-- duration: 16ms -->
          <step title="Copying file: &apos;out\out\out\out\web.config&apos;" date="2025-08-30T11:54:23.508" /><!-- duration: 30ms -->
          <step title="Copying file: &apos;out\out\out\out\out\web.config&apos;" date="2025-08-30T11:54:23.569" /><!-- duration: 0ms -->
          <step title="Deleting app_offline.htm" date="2025-08-30T11:54:23.585" /><!-- duration: 0ms -->
          <step title="Finished successfully." date="2025-08-30T11:54:23.601" /><!-- duration: 16ms -->
        </step><!-- duration: 13046ms -->
        <step title="Running post deployment command(s)..." date="2025-08-30T11:54:23.759" /><!-- duration: 13ms -->
        <step title="Triggering recycle (preview mode disabled)." date="2025-08-30T11:54:23.898" /><!-- duration: 0ms -->
        <step title="Ignoring FS watcher based recycle request as this is a classic Windows app." date="2025-08-30T11:54:23.944" /><!-- duration: 17ms -->
        <step title="Deployment successful. DEPLOYMENTINFO: deploymentPath = ZipDeploy. Extract zip. , deployer = ZipDeploy, os = windows, sku = Standard, siteName = psctech, siteHostName = psctech-bcdadbajcrgwa2h5.southafricanorth-01.azurewebsites.net, deploymentStatus = Success" date="2025-08-30T11:54:24.103" /><!-- duration: 30ms -->
      </step><!-- duration: 14922ms -->
    </step><!-- duration: 16577ms -->
    <step title="Cleaning up temp files" date="2025-08-30T11:54:24.444" /><!-- duration: 0ms -->
    <step title="Skip function trigger and logicapp sync because function is not enabled." date="2025-08-30T11:54:24.494" /><!-- duration: 0ms -->
  </step><!-- duration: 23500ms -->
  <step title="LockFile &apos;C:\home\site\locks\deployments.lock&apos; released" date="2025-08-30T11:54:24.538" /><!-- duration: 17ms -->
  <step title="Deleting shutdown sentinel file" date="2025-08-30T11:54:24.555" SemaphoreCount="8" /><!-- duration: 0ms -->
</step><!-- duration: 23797ms -->
