<step title="Incoming Request" date="2025-08-30T03:11:18.976" instance="f0ef07" url="/api/zipdeploy?isAsync=true" method="POST" type="request" pid="5916,2,10" Cache-Control="no-cache" Content-Length="43663537" Content-Type="application/octet-stream" Accept="*/*" Accept-Encoding="gzip, deflate" Authorization="Bea..." Host="psctech-bcdadbajcrgwa2h5.scm.southafricanorth-01.azurewebsites.net" User-Agent="AZURECLI/2.76.0 (MSI)" x-ms-client-request-id="f8397ea7-854e-11f0-9546-f0d5bf67e011" X-ARR-LOG-ID="f8397ea7-854e-11f0-9546-f0d5bf67e011" CLIENT-IP="41.121.46.221:25302" X-SITE-DEPLOYMENT-ID="psctech" WAS-DEFAULT-HOSTNAME="psctech-bcdadbajcrgwa2h5.scm.southafricanorth-01.azurewebsites.net" X-Forwarded-Proto="https" X-AppService-Proto="https" X-Forwarded-TlsVersion="1.3" X-WAWS-Unencoded-URL="/api/zipdeploy?isAsync=true" >
  <step title="Cleanup Xml Logs" date="2025-08-30T03:11:19.007" /><!-- duration: 19ms -->
  <step title="ZipPushDeploy" date="2025-08-30T03:11:20.132" >
    <step title="ZipDeploy. Extract zip. " date="2025-08-30T03:11:20.200" /><!-- duration: 10ms -->
    <step title="Starting PushDeployAsync" date="2025-08-30T03:11:20.229" /><!-- duration: 13ms -->
    <step title="Updating shutdown sentinel last write time" date="2025-08-30T03:11:20.335" SemaphoreCount="7" /><!-- duration: 0ms -->
    <step title="LockFile &apos;C:\home\site\locks\deployments.lock&apos; acquired" date="2025-08-30T03:11:20.335" /><!-- duration: 16ms -->
    <step title="Saving request content to C:\local\Temp\zipdeploy\baeincy2.zip" date="2025-08-30T03:11:20.351" >
      <step title="Total 43,663,537 bytes written to C:\local\Temp\zipdeploy\baeincy2.zip" date="2025-08-30T03:11:26.482" /><!-- duration: 16ms -->
    </step><!-- duration: 6163ms -->
    <step title="LockFile &apos;C:\home\site\locks\deployments.lock&apos; released" date="2025-08-30T03:11:26.514" /><!-- duration: 15ms -->
    <step title="Deleting shutdown sentinel file" date="2025-08-30T03:11:26.544" SemaphoreCount="8" /><!-- duration: 0ms -->
    <step title="Starting FetchDeploy" date="2025-08-30T03:11:26.560" /><!-- duration: 16ms -->
    <step title="Start deployment in the background" date="2025-08-30T03:11:26.576" >
      <step title="Starting LocalZipFetch" date="2025-08-30T03:11:27.032" /><!-- duration: 13ms -->
    </step><!-- duration: 722ms -->
  </step><!-- duration: 7181ms -->
  <step title="Outgoing response" date="2025-08-30T03:11:30.926" type="response" statusCode="202" statusText="Accepted" Server="Microsoft-IIS/10.0" x-ms-request-id="f8397ea7-854e-11f0-9546-f0d5bf67e011" Retry-After="30" Cache-Control="private" X-AspNet-Version="4.0.30319" Location="https://psctech-bcdadbajcrgwa2h5.scm.southafricanorth-01.azurewebsites.net/api/deployments/latest?deployer=ZipDeploy&amp;time=2025-08-30_03-11-27Z" /><!-- duration: 30ms -->
</step><!-- duration: 11980ms -->
