<step title="BackgroundTrace" date="2025-08-30T03:11:26.591" instance="f0ef07" url="/api/zipdeploy" method="POST" >
  <step title="Updating shutdown sentinel last write time" date="2025-08-30T03:11:26.625" SemaphoreCount="7" /><!-- duration: 0ms -->
  <step title="LockFile &apos;C:\home\site\locks\deployments.lock&apos; acquired" date="2025-08-30T03:11:26.638" /><!-- duration: 0ms -->
  <step title="Creating temporary deployment" date="2025-08-30T03:11:26.654" /><!-- duration: 62ms -->
  <step title="Performing fetch based deployment" date="2025-08-30T03:11:26.748" >
    <step title="Fetching changes." date="2025-08-30T03:11:26.982" /><!-- duration: 16ms -->
    <step title="Starting LocalZipHandler" date="2025-08-30T03:11:27.013" /><!-- duration: 0ms -->
    <step title="Cleaning up temp folders from previous zip deployments and extracting pushed zip file C:\local\Temp\zipdeploy\baeincy2.zip (41.64 MB) to C:\local\Temp\zipdeploy\extracted" date="2025-08-30T03:11:27.044" /><!-- duration: 0ms -->
    <step title="Cleaning up temp folders from previous zip deployments and extracting pushed zip file C:\local\Temp\zipdeploy\baeincy2.zip (41.64 MB) to C:\local\Temp\zipdeploy\extracted" date="2025-08-30T03:11:27.060" >
      <step title="Renaming extractTargetDirectory(C:\local\Temp\zipdeploy\extracted) to tempDirectory(C:\local\Temp\zipdeploy\obsccj1y.zhq)" date="2025-08-30T03:11:27.092" /><!-- duration: 0ms -->
      <step title="Extracting 271 entries to C:\local\Temp\zipdeploy\extracted directory" date="2025-08-30T03:11:27.799" >
        <step title="Extracting to C:\local\Temp\zipdeploy\extracted\af\Humanizer.resources.dll ..." date="2025-08-30T03:11:27.813" /><!-- duration: 0ms -->
        <step title="Extracting to C:\local\Temp\zipdeploy\extracted\api\auth.js ..." date="2025-08-30T03:11:27.813" /><!-- duration: 17ms -->
        <step title="Extracting to C:\local\Temp\zipdeploy\extracted\api\competitions.js ..." date="2025-08-30T03:11:27.830" /><!-- duration: 14ms -->
        <step title="Extracting to C:\local\Temp\zipdeploy\extracted\api\index.js ..." date="2025-08-30T03:11:27.844" /><!-- duration: 0ms -->
        <step title="Extracting to C:\local\Temp\zipdeploy\extracted\api\institutions.js ..." date="2025-08-30T03:11:27.860" /><!-- duration: 0ms -->
        <step title="Omitting extracting file traces ..." date="2025-08-30T03:11:27.875" /><!-- duration: 0ms -->
      </step><!-- duration: 4514ms -->
    </step><!-- duration: 5284ms -->
    <step title="Before sending BuildRequestReceived status to /api/updatedeploystatus" date="2025-08-30T03:11:32.362" /><!-- duration: 14ms -->
    <step title="DeploymentManager.Deploy(id:098f02f5283f4cb6a06520163b0aa8cf)" date="2025-08-30T03:11:32.395" >
      <step title="Collecting changeset information" date="2025-08-30T03:11:32.407" /><!-- duration: 85ms -->
      <step title="Updating submodules" date="2025-08-30T03:11:32.509" >
        <step title="Updating submodules." date="2025-08-30T03:11:32.590" /><!-- duration: 11ms -->
      </step><!-- duration: 92ms -->
      <step title="Preparing deployment for commit id &apos;098f02f528&apos;." date="2025-08-30T03:11:32.711" /><!-- duration: 0ms -->
      <step title="Determining deployment builder" date="2025-08-30T03:11:32.773" >
        <step title="Builder is BasicBuilder" date="2025-08-30T03:11:32.792" /><!-- duration: 12ms -->
      </step><!-- duration: 49ms -->
      <step title="Copying SSH keys" date="2025-08-30T03:11:32.882" /><!-- duration: 0ms -->
      <step title="Building" date="2025-08-30T03:11:32.898" >
        <step title="Generating deployment script." date="2025-08-30T03:11:32.961" /><!-- duration: 0ms -->
        <step title="Generating deployment script" date="2025-08-30T03:11:32.976" >
          <step title="Using cached version of the deployment script for command: -y --no-dot-deployment -r &quot;C:\local\Temp\zipdeploy\extracted&quot; -o &quot;C:\home\site\deployments\tools&quot; --basic --sitePath &quot;C:\local\Temp\zipdeploy\extracted&quot;" date="2025-08-30T03:11:33.101" /><!-- duration: 0ms -->
          <step title="Using cached version of deployment script (command: &apos;azure -y --no-dot-deployment -r &quot;C:\local\Temp\zipdeploy\extracted&quot; -o &quot;C:\home\site\deployments\tools&quot; --basic --sitePath &quot;C:\local\Temp\zipdeploy\extracted&quot;&apos;)." date="2025-08-30T03:11:33.117" /><!-- duration: 0ms -->
        </step><!-- duration: 156ms -->
        <step title="Running deployment command..." date="2025-08-30T03:11:33.179" /><!-- duration: 18ms -->
        <step title="Command: &quot;C:\home\site\deployments\tools\deploy.cmd&quot;" date="2025-08-30T03:11:33.226" /><!-- duration: 0ms -->
        <step title="Executing external process" date="2025-08-30T03:11:33.273" type="process" path="starter.cmd" arguments="&quot;C:\home\site\deployments\tools\deploy.cmd&quot;" >
          <step title="Handling Basic Web Site deployment." date="2025-08-30T03:11:34.415" /><!-- duration: 18ms -->
          <step title="Creating app_offline.htm" date="2025-08-30T03:11:41.092" /><!-- duration: 19ms -->
          <step title="KuduSync.NET from: &apos;C:\local\Temp\zipdeploy\extracted&apos; to: &apos;C:\home\site\wwwroot&apos;" date="2025-08-30T03:11:41.141" /><!-- duration: 0ms -->
          <step title="Copying file: &apos;psctech-backend.deps.json&apos;" date="2025-08-30T03:11:41.171" /><!-- duration: 0ms -->
          <step title="Copying file: &apos;psctech-backend.dll&apos;" date="2025-08-30T03:11:41.201" /><!-- duration: 20ms -->
          <step title="Copying file: &apos;psctech-backend.exe&apos;" date="2025-08-30T03:11:41.233" /><!-- duration: 0ms -->
          <step title="Copying file: &apos;psctech-backend.pdb&apos;" date="2025-08-30T03:11:41.248" /><!-- duration: 0ms -->
          <step title="Copying file: &apos;psctech-backend.runtimeconfig.json&apos;" date="2025-08-30T03:11:41.248" /><!-- duration: 16ms -->
          <step title="Copying file: &apos;publish-clean.zip&apos;" date="2025-08-30T03:11:41.279" /><!-- duration: 0ms -->
          <step title="Copying file: &apos;start-backend.js&apos;" date="2025-08-30T03:11:41.295" /><!-- duration: 0ms -->
          <step title="Copying file: &apos;api\index.js&apos;" date="2025-08-30T03:11:41.295" /><!-- duration: 16ms -->
          <step title="Copying file: &apos;api\institutions.js&apos;" date="2025-08-30T03:11:41.326" /><!-- duration: 0ms -->
          <step title="Copying file: &apos;api\users.js&apos;" date="2025-08-30T03:11:41.342" /><!-- duration: 0ms -->
          <step title="Copying file: &apos;api\vouchers.js&apos;" date="2025-08-30T03:11:41.358" /><!-- duration: 0ms -->
          <step title="Copying file: &apos;config\database.config.ts&apos;" date="2025-08-30T03:11:41.358" /><!-- duration: 16ms -->
          <step title="Copying file: &apos;config\environment.js&apos;" date="2025-08-30T03:11:41.373" /><!-- duration: 16ms -->
          <step title="Copying file: &apos;web.config&apos;" date="2025-08-30T03:11:41.389" /><!-- duration: 0ms -->
          <step title="Deleting app_offline.htm" date="2025-08-30T03:11:41.406" /><!-- duration: 0ms -->
          <step title="Finished successfully." date="2025-08-30T03:11:41.422" /><!-- duration: 0ms -->
        </step><!-- duration: 8149ms -->
        <step title="Running post deployment command(s)..." date="2025-08-30T03:11:41.516" /><!-- duration: 0ms -->
        <step title="Triggering recycle (preview mode disabled)." date="2025-08-30T03:11:41.641" /><!-- duration: 0ms -->
        <step title="Ignoring FS watcher based recycle request as this is a classic Windows app." date="2025-08-30T03:11:41.656" /><!-- duration: 0ms -->
        <step title="Deployment successful. DEPLOYMENTINFO: deploymentPath = ZipDeploy. Extract zip. , deployer = ZipDeploy, os = windows, sku = Standard, siteName = psctech, siteHostName = psctech-bcdadbajcrgwa2h5.southafricanorth-01.azurewebsites.net, deploymentStatus = Success" date="2025-08-30T03:11:41.766" /><!-- duration: 0ms -->
      </step><!-- duration: 9086ms -->
    </step><!-- duration: 9605ms -->
    <step title="Cleaning up temp files" date="2025-08-30T03:11:42.000" /><!-- duration: 17ms -->
    <step title="Skip function trigger and logicapp sync because function is not enabled." date="2025-08-30T03:11:42.031" /><!-- duration: 31ms -->
  </step><!-- duration: 15362ms -->
  <step title="LockFile &apos;C:\home\site\locks\deployments.lock&apos; released" date="2025-08-30T03:11:42.109" /><!-- duration: 0ms -->
  <step title="Deleting shutdown sentinel file" date="2025-08-30T03:11:42.125" SemaphoreCount="8" /><!-- duration: 16ms -->
</step><!-- duration: 15549ms -->
