<step title="Incoming Request" date="2025-08-30T04:22:50.143" instance="f0ef07" url="/api/publish?type=zip" method="POST" type="request" pid="7740,2,7" Cache-Control="no-cache" Content-Length="87440093" Content-Type="application/octet-stream" Accept="*/*" Accept-Encoding="gzip, deflate" Authorization="Bea..." Host="psctech-bcdadbajcrgwa2h5.scm.southafricanorth-01.azurewebsites.net" User-Agent="AZURECLI/2.76.0 (MSI)" x-ms-client-request-id="f3054a44-8558-11f0-ba84-f0d5bf67e011" X-ARR-LOG-ID="f3054a44-8558-11f0-ba84-f0d5bf67e011" CLIENT-IP="41.121.46.221:25587" X-SITE-DEPLOYMENT-ID="psctech" WAS-DEFAULT-HOSTNAME="psctech-bcdadbajcrgwa2h5.scm.southafricanorth-01.azurewebsites.net" X-Forwarded-Proto="https" X-AppService-Proto="https" X-Forwarded-TlsVersion="1.3" X-WAWS-Unencoded-URL="/api/publish?type=zip" >
  <step title="Cleanup Xml Logs" date="2025-08-30T04:22:50.143" /><!-- duration: 31ms -->
  <step title="OneDeploy" date="2025-08-30T04:22:50.396" >
    <step title="Starting PushDeployAsync" date="2025-08-30T04:22:50.441" /><!-- duration: 17ms -->
    <step title="Updating shutdown sentinel last write time" date="2025-08-30T04:22:50.549" SemaphoreCount="7" /><!-- duration: 16ms -->
    <step title="LockFile &apos;C:\home\site\locks\deployments.lock&apos; acquired" date="2025-08-30T04:22:50.581" /><!-- duration: 0ms -->
    <step title="Saving request content to C:\local\Temp\zipdeploy\klkxs2f2.zip" date="2025-08-30T04:22:50.596" >
      <step title="Total 87,440,093 bytes written to C:\local\Temp\zipdeploy\klkxs2f2.zip" date="2025-08-30T04:23:04.916" /><!-- duration: 16ms -->
    </step><!-- duration: 14351ms -->
    <step title="LockFile &apos;C:\home\site\locks\deployments.lock&apos; released" date="2025-08-30T04:23:04.963" /><!-- duration: 0ms -->
    <step title="Deleting shutdown sentinel file" date="2025-08-30T04:23:04.963" SemaphoreCount="8" /><!-- duration: 15ms -->
    <step title="Starting FetchDeploy" date="2025-08-30T04:23:04.994" /><!-- duration: 0ms -->
    <step title="Attempting to fetch target branch HEAD" date="2025-08-30T04:23:05.010" /><!-- duration: 0ms -->
    <step title="Updating shutdown sentinel last write time" date="2025-08-30T04:23:05.041" SemaphoreCount="7" /><!-- duration: 0ms -->
    <step title="LockFile &apos;C:\home\site\locks\deployments.lock&apos; acquired" date="2025-08-30T04:23:05.074" /><!-- duration: 14ms -->
    <step title="Performing fetch based deployment" date="2025-08-30T04:23:05.120" >
      <step title="Creating temporary deployment" date="2025-08-30T04:23:05.135" /><!-- duration: 109ms -->
      <step title="Fetching changes." date="2025-08-30T04:23:05.432" /><!-- duration: 0ms -->
      <step title="Starting LocalZipHandler" date="2025-08-30T04:23:05.463" /><!-- duration: 0ms -->
      <step title="Starting LocalZipFetch" date="2025-08-30T04:23:05.478" /><!-- duration: 0ms -->
      <step title="Cleaning up temp folders from previous zip deployments and extracting pushed zip file C:\local\Temp\zipdeploy\klkxs2f2.zip (83.39 MB) to C:\local\Temp\zipdeploy\extracted" date="2025-08-30T04:23:05.494" /><!-- duration: 0ms -->
      <step title="Cleaning up temp folders from previous zip deployments and extracting pushed zip file C:\local\Temp\zipdeploy\klkxs2f2.zip (83.39 MB) to C:\local\Temp\zipdeploy\extracted" date="2025-08-30T04:23:05.510" >
        <step title="Extracting 282 entries to C:\local\Temp\zipdeploy\extracted directory" date="2025-08-30T04:23:05.556" >
          <step title="Extracting to C:\local\Temp\zipdeploy\extracted\af\Humanizer.resources.dll ..." date="2025-08-30T04:23:05.556" /><!-- duration: 16ms -->
          <step title="Extracting to C:\local\Temp\zipdeploy\extracted\api\auth.js ..." date="2025-08-30T04:23:05.572" /><!-- duration: 0ms -->
          <step title="Extracting to C:\local\Temp\zipdeploy\extracted\api\competitions.js ..." date="2025-08-30T04:23:05.588" /><!-- duration: 0ms -->
          <step title="Extracting to C:\local\Temp\zipdeploy\extracted\api\index.js ..." date="2025-08-30T04:23:05.588" /><!-- duration: 0ms -->
          <step title="Extracting to C:\local\Temp\zipdeploy\extracted\api\institutions.js ..." date="2025-08-30T04:23:05.603" /><!-- duration: 16ms -->
          <step title="Omitting extracting file traces ..." date="2025-08-30T04:23:05.619" /><!-- duration: 0ms -->
        </step><!-- duration: 4798ms -->
      </step><!-- duration: 4877ms -->
      <step title="None repository commit" date="2025-08-30T04:23:10.401" >
        <step title="Commit id: 0a775270a3f444b4a527d40caf0ffbaf" date="2025-08-30T04:23:10.401" Message="OneDeploy" AuthorName="N/A" AuthorEmail="N/A" /><!-- duration: 16ms -->
      </step><!-- duration: 16ms -->
      <step title="Before sending BuildRequestReceived status to /api/updatedeploystatus" date="2025-08-30T04:23:10.416" /><!-- duration: 0ms -->
      <step title="DeploymentManager.Deploy(id:0a775270a3f444b4a527d40caf0ffbaf)" date="2025-08-30T04:23:10.451" >
        <step title="Collecting changeset information" date="2025-08-30T04:23:10.463" /><!-- duration: 47ms -->
        <step title="Updating submodules" date="2025-08-30T04:23:10.541" >
          <step title="Updating submodules." date="2025-08-30T04:23:10.651" /><!-- duration: 18ms -->
        </step><!-- duration: 127ms -->
        <step title="Preparing deployment for commit id &apos;0a775270a3&apos;." date="2025-08-30T04:23:10.777" /><!-- duration: 0ms -->
        <step title="Determining deployment builder" date="2025-08-30T04:23:10.919" >
          <step title="Builder is OneDeployBuilder" date="2025-08-30T04:23:10.919" /><!-- duration: 13ms -->
        </step><!-- duration: 29ms -->
        <step title="Copying SSH keys" date="2025-08-30T04:23:10.963" /><!-- duration: 16ms -->
        <step title="Building" date="2025-08-30T04:23:10.994" >
          <step title="Running build. Project type: OneDeploy" date="2025-08-30T04:23:11.057" /><!-- duration: 0ms -->
          <step title="Copying the manifest" date="2025-08-30T04:23:11.135" /><!-- duration: 16ms -->
          <step title="Clean deploying to C:\home\site\wwwroot" date="2025-08-30T04:23:11.263" /><!-- duration: 0ms -->
          <step title="Generating deployment script." date="2025-08-30T04:23:11.354" /><!-- duration: 15ms -->
          <step title="Generating deployment script" date="2025-08-30T04:23:11.385" >
            <step title="Using cached version of the deployment script for command: -y --no-dot-deployment -r &quot;C:\local\Temp\zipdeploy\extracted&quot; -o &quot;C:\home\site\deployments\tools&quot; --basic --sitePath &quot;C:\local\Temp\zipdeploy\extracted&quot;" date="2025-08-30T04:23:11.416" /><!-- duration: 0ms -->
            <step title="Using cached version of deployment script (command: &apos;azure -y --no-dot-deployment -r &quot;C:\local\Temp\zipdeploy\extracted&quot; -o &quot;C:\home\site\deployments\tools&quot; --basic --sitePath &quot;C:\local\Temp\zipdeploy\extracted&quot;&apos;)." date="2025-08-30T04:23:11.463" /><!-- duration: 16ms -->
          </step><!-- duration: 109ms -->
          <step title="Running deployment command..." date="2025-08-30T04:23:11.604" /><!-- duration: 0ms -->
          <step title="Command: &quot;C:\home\site\deployments\tools\deploy.cmd&quot;" date="2025-08-30T04:23:11.635" /><!-- duration: 0ms -->
          <step title="Executing external process" date="2025-08-30T04:23:11.683" type="process" path="starter.cmd" arguments="&quot;C:\home\site\deployments\tools\deploy.cmd&quot;" >
            <step title="Handling Basic Web Site deployment." date="2025-08-30T04:23:12.372" /><!-- duration: 13ms -->
            <step title="Creating app_offline.htm" date="2025-08-30T04:23:14.940" /><!-- duration: 0ms -->
            <step title="KuduSync.NET from: &apos;C:\local\Temp\zipdeploy\extracted&apos; to: &apos;C:\home\site\wwwroot&apos;" date="2025-08-30T04:23:15.020" /><!-- duration: 30ms -->
            <step title="Copying file: &apos;publish-fixed.zip&apos;" date="2025-08-30T04:23:15.081" /><!-- duration: 20ms -->
            <step title="Deleting app_offline.htm" date="2025-08-30T04:23:15.143" /><!-- duration: 18ms -->
            <step title="Finished successfully." date="2025-08-30T04:23:15.211" /><!-- duration: 10ms -->
          </step><!-- duration: 3559ms -->
          <step title="Build completed succesfully." date="2025-08-30T04:23:15.565" /><!-- duration: 16ms -->
          <step title="Running post deployment command(s)..." date="2025-08-30T04:23:15.784" /><!-- duration: 16ms -->
          <step title="Requesting site restart" date="2025-08-30T04:23:16.049" /><!-- duration: 0ms -->
          <step title="Requesting site restart" date="2025-08-30T04:23:16.065" /><!-- duration: 16ms -->
          <step title="Requesting site restart. Attempt #1" date="2025-08-30T04:23:16.662" /><!-- duration: 297ms -->
          <step title="Requesting site restart. Attempt #1" date="2025-08-30T04:23:17.003" /><!-- duration: 0ms -->
          <step title="Successfully requested a restart. Attempt #1" date="2025-08-30T04:23:19.022" /><!-- duration: 12ms -->
          <step title="Successfully requested a restart. Attempt #1" date="2025-08-30T04:23:19.102" /><!-- duration: 10ms -->
          <step title="Deployment successful. DEPLOYMENTINFO: deploymentPath = OneDeploy, deployer = OneDeploy, os = windows, sku = Standard, siteName = psctech, siteHostName = psctech-bcdadbajcrgwa2h5.southafricanorth-01.azurewebsites.net, deploymentStatus = Success" date="2025-08-30T04:23:19.303" /><!-- duration: 30ms -->
        </step><!-- duration: 9180ms -->
      </step><!-- duration: 9770ms -->
      <step title="Cleaning up temp files" date="2025-08-30T04:23:20.258" /><!-- duration: 10ms -->
      <step title="Skip function trigger and logicapp sync because function is not enabled." date="2025-08-30T04:23:20.300" /><!-- duration: 19ms -->
    </step><!-- duration: 15539ms -->
    <step title="LockFile &apos;C:\home\site\locks\deployments.lock&apos; released" date="2025-08-30T04:23:20.709" /><!-- duration: 13ms -->
    <step title="Deleting shutdown sentinel file" date="2025-08-30T04:23:20.759" SemaphoreCount="8" /><!-- duration: 10ms -->
  </step><!-- duration: 30372ms -->
  <step title="Outgoing response" date="2025-08-30T04:23:20.800" type="response" statusCode="200" statusText="OK" Server="Microsoft-IIS/10.0" x-ms-request-id="f3054a44-8558-11f0-ba84-f0d5bf67e011" Cache-Control="private" X-AspNet-Version="4.0.30319" /><!-- duration: 31ms -->
</step><!-- duration: 30688ms -->
