<step title="Incoming Request" date="2025-08-30T18:26:37.678" instance="f0ef07" url="/api/publish?type=zip" method="POST" type="request" pid="7220,2,49" Cache-Control="no-cache" Content-Length="22355835" Content-Type="application/octet-stream" Accept="*/*" Accept-Encoding="gzip, deflate" Authorization="Bea..." Host="psctech-bcdadbajcrgwa2h5.scm.southafricanorth-01.azurewebsites.net" User-Agent="AZURECLI/2.76.0 (MSI)" x-ms-client-request-id="d4682a4d-85ce-11f0-90a0-f0d5bf67e011" X-ARR-LOG-ID="d4682a4d-85ce-11f0-90a0-f0d5bf67e011" CLIENT-IP="41.121.22.190:31041" X-SITE-DEPLOYMENT-ID="psctech" WAS-DEFAULT-HOSTNAME="psctech-bcdadbajcrgwa2h5.scm.southafricanorth-01.azurewebsites.net" X-Forwarded-Proto="https" X-AppService-Proto="https" X-Forwarded-TlsVersion="1.3" X-WAWS-Unencoded-URL="/api/publish?type=zip" >
  <step title="Cleanup Xml Logs" date="2025-08-30T18:26:37.678" /><!-- duration: 13ms -->
  <step title="OneDeploy" date="2025-08-30T18:26:37.706" >
    <step title="Starting PushDeployAsync" date="2025-08-30T18:26:37.722" /><!-- duration: 0ms -->
    <step title="Updating shutdown sentinel last write time" date="2025-08-30T18:26:37.738" SemaphoreCount="7" /><!-- duration: 16ms -->
    <step title="LockFile &apos;C:\home\site\locks\deployments.lock&apos; acquired" date="2025-08-30T18:26:37.753" /><!-- duration: 16ms -->
    <step title="Saving request content to C:\local\Temp\zipdeploy\fzmiprct.zip" date="2025-08-30T18:26:37.769" >
      <step title="Total 22,355,835 bytes written to C:\local\Temp\zipdeploy\fzmiprct.zip" date="2025-08-30T18:26:46.490" /><!-- duration: 16ms -->
    </step><!-- duration: 8736ms -->
    <step title="LockFile &apos;C:\home\site\locks\deployments.lock&apos; released" date="2025-08-30T18:26:46.521" /><!-- duration: 0ms -->
    <step title="Deleting shutdown sentinel file" date="2025-08-30T18:26:46.536" SemaphoreCount="8" /><!-- duration: 0ms -->
    <step title="Starting FetchDeploy" date="2025-08-30T18:26:46.552" /><!-- duration: 0ms -->
    <step title="Attempting to fetch target branch HEAD" date="2025-08-30T18:26:46.552" /><!-- duration: 16ms -->
    <step title="Updating shutdown sentinel last write time" date="2025-08-30T18:26:46.568" SemaphoreCount="7" /><!-- duration: 16ms -->
    <step title="LockFile &apos;C:\home\site\locks\deployments.lock&apos; acquired" date="2025-08-30T18:26:46.583" /><!-- duration: 0ms -->
    <step title="Performing fetch based deployment" date="2025-08-30T18:26:46.599" >
      <step title="Creating temporary deployment" date="2025-08-30T18:26:46.599" /><!-- duration: 47ms -->
      <step title="Fetching changes." date="2025-08-30T18:26:46.710" /><!-- duration: 0ms -->
      <step title="Starting LocalZipHandler" date="2025-08-30T18:26:46.724" /><!-- duration: 0ms -->
      <step title="Starting LocalZipFetch" date="2025-08-30T18:26:46.740" /><!-- duration: 0ms -->
      <step title="Cleaning up temp folders from previous zip deployments and extracting pushed zip file C:\local\Temp\zipdeploy\fzmiprct.zip (21.32 MB) to C:\local\Temp\zipdeploy\extracted" date="2025-08-30T18:26:46.755" /><!-- duration: 0ms -->
      <step title="Cleaning up temp folders from previous zip deployments and extracting pushed zip file C:\local\Temp\zipdeploy\fzmiprct.zip (21.32 MB) to C:\local\Temp\zipdeploy\extracted" date="2025-08-30T18:26:46.771" >
        <step title="Renaming extractTargetDirectory(C:\local\Temp\zipdeploy\extracted) to tempDirectory(C:\local\Temp\zipdeploy\m1kmzqn4.koy)" date="2025-08-30T18:26:46.771" /><!-- duration: 16ms -->
        <step title="Extracting 270 entries to C:\local\Temp\zipdeploy\extracted directory" date="2025-08-30T18:26:46.993" >
          <step title="Extracting to C:\local\Temp\zipdeploy\extracted\af\Humanizer.resources.dll ..." date="2025-08-30T18:26:47.005" /><!-- duration: 18ms -->
          <step title="Extracting to C:\local\Temp\zipdeploy\extracted\ar\Humanizer.resources.dll ..." date="2025-08-30T18:26:47.023" /><!-- duration: 20ms -->
          <step title="Extracting to C:\local\Temp\zipdeploy\extracted\az\Humanizer.resources.dll ..." date="2025-08-30T18:26:47.053" /><!-- duration: 30ms -->
          <step title="Extracting to C:\local\Temp\zipdeploy\extracted\bg\Humanizer.resources.dll ..." date="2025-08-30T18:26:47.083" /><!-- duration: 20ms -->
          <step title="Extracting to C:\local\Temp\zipdeploy\extracted\bn-BD\Humanizer.resources.dll ..." date="2025-08-30T18:26:47.133" /><!-- duration: 0ms -->
          <step title="Omitting extracting file traces ..." date="2025-08-30T18:26:47.146" /><!-- duration: 18ms -->
        </step><!-- duration: 3466ms -->
      </step><!-- duration: 3719ms -->
      <step title="None repository commit" date="2025-08-30T18:26:50.490" >
        <step title="Commit id: 4d6b52e308b6469d953efca4413aa025" date="2025-08-30T18:26:50.490" Message="OneDeploy" AuthorName="N/A" AuthorEmail="N/A" /><!-- duration: 0ms -->
      </step><!-- duration: 16ms -->
      <step title="Before sending BuildRequestReceived status to /api/updatedeploystatus" date="2025-08-30T18:26:50.505" /><!-- duration: 0ms -->
      <step title="DeploymentManager.Deploy(id:4d6b52e308b6469d953efca4413aa025)" date="2025-08-30T18:26:50.521" >
        <step title="Collecting changeset information" date="2025-08-30T18:26:50.521" /><!-- duration: 63ms -->
        <step title="Updating submodules" date="2025-08-30T18:26:50.599" >
          <step title="Updating submodules." date="2025-08-30T18:26:50.693" /><!-- duration: 0ms -->
        </step><!-- duration: 109ms -->
        <step title="Preparing deployment for commit id &apos;4d6b52e308&apos;." date="2025-08-30T18:26:50.755" /><!-- duration: 16ms -->
        <step title="Determining deployment builder" date="2025-08-30T18:26:50.880" >
          <step title="Builder is OneDeployBuilder" date="2025-08-30T18:26:50.880" /><!-- duration: 0ms -->
        </step><!-- duration: 16ms -->
        <step title="Copying SSH keys" date="2025-08-30T18:26:50.911" /><!-- duration: 16ms -->
        <step title="Building" date="2025-08-30T18:26:50.927" >
          <step title="Running build. Project type: OneDeploy" date="2025-08-30T18:26:51.005" /><!-- duration: 16ms -->
          <step title="Copying the manifest" date="2025-08-30T18:26:51.165" /><!-- duration: 0ms -->
          <step title="Clean deploying to C:\home\site\wwwroot" date="2025-08-30T18:26:51.271" /><!-- duration: 0ms -->
          <step title="Generating deployment script." date="2025-08-30T18:26:51.365" /><!-- duration: 0ms -->
          <step title="Generating deployment script" date="2025-08-30T18:26:51.380" >
            <step title="Using cached version of the deployment script for command: -y --no-dot-deployment -r &quot;C:\local\Temp\zipdeploy\extracted&quot; -o &quot;C:\home\site\deployments\tools&quot; --basic --sitePath &quot;C:\local\Temp\zipdeploy\extracted&quot;" date="2025-08-30T18:26:51.411" /><!-- duration: 0ms -->
            <step title="Using cached version of deployment script (command: &apos;azure -y --no-dot-deployment -r &quot;C:\local\Temp\zipdeploy\extracted&quot; -o &quot;C:\home\site\deployments\tools&quot; --basic --sitePath &quot;C:\local\Temp\zipdeploy\extracted&quot;&apos;)." date="2025-08-30T18:26:51.427" /><!-- duration: 0ms -->
          </step><!-- duration: 78ms -->
          <step title="Running deployment command..." date="2025-08-30T18:26:51.521" /><!-- duration: 0ms -->
          <step title="Command: &quot;C:\home\site\deployments\tools\deploy.cmd&quot;" date="2025-08-30T18:26:51.552" /><!-- duration: 0ms -->
          <step title="Executing external process" date="2025-08-30T18:26:51.568" type="process" path="starter.cmd" arguments="&quot;C:\home\site\deployments\tools\deploy.cmd&quot;" >
            <step title="Handling Basic Web Site deployment." date="2025-08-30T18:26:52.099" /><!-- duration: 20ms -->
            <step title="Creating app_offline.htm" date="2025-08-30T18:26:56.922" /><!-- duration: 0ms -->
            <step title="KuduSync.NET from: &apos;C:\local\Temp\zipdeploy\extracted&apos; to: &apos;C:\home\site\wwwroot&apos;" date="2025-08-30T18:26:56.957" /><!-- duration: 12ms -->
            <step title="Copying file: &apos;psctech-backend.dll&apos;" date="2025-08-30T18:26:57.000" /><!-- duration: 17ms -->
            <step title="Copying file: &apos;psctech-backend.exe&apos;" date="2025-08-30T18:26:57.047" /><!-- duration: 0ms -->
            <step title="Copying file: &apos;psctech-backend.pdb&apos;" date="2025-08-30T18:26:57.063" /><!-- duration: 0ms -->
            <step title="Copying file: &apos;publish\publish\appsettings.json&apos;" date="2025-08-30T18:26:57.078" /><!-- duration: 0ms -->
            <step title="Copying file: &apos;publish\publish\appsettings.Production.json&apos;" date="2025-08-30T18:26:57.094" /><!-- duration: 0ms -->
            <step title="Copying file: &apos;publish\publish\azure-deploy.json&apos;" date="2025-08-30T18:26:57.110" /><!-- duration: 16ms -->
            <step title="Copying file: &apos;publish\publish\psctech-backend.deps.json&apos;" date="2025-08-30T18:26:57.141" /><!-- duration: 0ms -->
            <step title="Copying file: &apos;publish\publish\psctech-backend.runtimeconfig.json&apos;" date="2025-08-30T18:26:57.157" /><!-- duration: 15ms -->
            <step title="Copying file: &apos;publish\publish\psctech-backend.staticwebassets.endpoints.json&apos;" date="2025-08-30T18:26:57.188" /><!-- duration: 0ms -->
            <step title="Copying file: &apos;publish\publish\web.config&apos;" date="2025-08-30T18:26:57.203" /><!-- duration: 0ms -->
            <step title="Deleting app_offline.htm" date="2025-08-30T18:26:57.219" /><!-- duration: 0ms -->
            <step title="Finished successfully." date="2025-08-30T18:26:57.235" /><!-- duration: 16ms -->
          </step><!-- duration: 5683ms -->
          <step title="Build completed succesfully." date="2025-08-30T18:26:57.360" /><!-- duration: 18ms -->
          <step title="Running post deployment command(s)..." date="2025-08-30T18:26:57.469" /><!-- duration: 31ms -->
          <step title="Requesting site restart" date="2025-08-30T18:26:57.594" /><!-- duration: 0ms -->
          <step title="Requesting site restart" date="2025-08-30T18:26:57.643" /><!-- duration: 0ms -->
          <step title="Requesting site restart. Attempt #1" date="2025-08-30T18:26:57.723" /><!-- duration: 11ms -->
          <step title="Requesting site restart. Attempt #1" date="2025-08-30T18:26:57.735" /><!-- duration: 16ms -->
          <step title="Successfully requested a restart. Attempt #1" date="2025-08-30T18:26:57.985" /><!-- duration: 0ms -->
          <step title="Successfully requested a restart. Attempt #1" date="2025-08-30T18:26:58.000" /><!-- duration: 0ms -->
          <step title="Deployment successful. DEPLOYMENTINFO: deploymentPath = OneDeploy, deployer = OneDeploy, os = windows, sku = Standard, siteName = psctech, siteHostName = psctech-bcdadbajcrgwa2h5.southafricanorth-01.azurewebsites.net, deploymentStatus = Success" date="2025-08-30T18:26:58.047" /><!-- duration: 33ms -->
          <step title="Purge deployment items" date="2025-08-30T18:26:58.250" >
            <step title="Remove 911f824aa, Success, received at 8/30/2025 6:45:25 AM" date="2025-08-30T18:26:58.346" /><!-- duration: 0ms -->
          </step><!-- duration: 109ms -->
        </step><!-- duration: 7448ms -->
      </step><!-- duration: 7871ms -->
      <step title="Cleaning up temp files" date="2025-08-30T18:26:58.392" /><!-- duration: 15ms -->
      <step title="Skip function trigger and logicapp sync because function is not enabled." date="2025-08-30T18:26:58.422" /><!-- duration: 0ms -->
    </step><!-- duration: 11886ms -->
    <step title="LockFile &apos;C:\home\site\locks\deployments.lock&apos; released" date="2025-08-30T18:26:58.500" /><!-- duration: 0ms -->
    <step title="Deleting shutdown sentinel file" date="2025-08-30T18:26:58.516" SemaphoreCount="8" /><!-- duration: 0ms -->
  </step><!-- duration: 20825ms -->
  <step title="Outgoing response" date="2025-08-30T18:26:58.532" type="response" statusCode="200" statusText="OK" Server="Microsoft-IIS/10.0" x-ms-request-id="d4682a4d-85ce-11f0-90a0-f0d5bf67e011" Cache-Control="private" X-AspNet-Version="4.0.30319" /><!-- duration: 0ms -->
</step><!-- duration: 20870ms -->
