<step title="Incoming Request" date="2025-08-30T03:24:42.374" instance="f0ef07" url="/api/zipdeploy?isAsync=true" method="POST" type="request" pid="5916,2,12" Cache-Control="no-cache" Content-Length="43763949" Content-Type="application/octet-stream" Accept="*/*" Accept-Encoding="gzip, deflate" Authorization="Bea..." Host="psctech-bcdadbajcrgwa2h5.scm.southafricanorth-01.azurewebsites.net" User-Agent="AZURECLI/2.76.0 (MSI)" x-ms-client-request-id="d672202e-8550-11f0-8e59-f0d5bf67e011" X-ARR-LOG-ID="d672202e-8550-11f0-8e59-f0d5bf67e011" CLIENT-IP="41.121.46.221:25314" X-SITE-DEPLOYMENT-ID="psctech" WAS-DEFAULT-HOSTNAME="psctech-bcdadbajcrgwa2h5.scm.southafricanorth-01.azurewebsites.net" X-Forwarded-Proto="https" X-AppService-Proto="https" X-Forwarded-TlsVersion="1.3" X-WAWS-Unencoded-URL="/api/zipdeploy?isAsync=true" >
  <step title="Cleanup Xml Logs" date="2025-08-30T03:24:42.391" /><!-- duration: 30ms -->
  <step title="ZipPushDeploy" date="2025-08-30T03:24:42.452" >
    <step title="ZipDeploy. Extract zip. " date="2025-08-30T03:24:42.471" /><!-- duration: 0ms -->
    <step title="Starting PushDeployAsync" date="2025-08-30T03:24:42.471" /><!-- duration: 12ms -->
    <step title="Updating shutdown sentinel last write time" date="2025-08-30T03:24:42.515" SemaphoreCount="7" /><!-- duration: 0ms -->
    <step title="LockFile &apos;C:\home\site\locks\deployments.lock&apos; acquired" date="2025-08-30T03:24:42.562" /><!-- duration: 16ms -->
    <step title="Saving request content to C:\local\Temp\zipdeploy\o4oh3mvb.zip" date="2025-08-30T03:24:42.577" >
      <step title="Total 43,763,949 bytes written to C:\local\Temp\zipdeploy\o4oh3mvb.zip" date="2025-08-30T03:24:49.480" /><!-- duration: 16ms -->
    </step><!-- duration: 6918ms -->
    <step title="LockFile &apos;C:\home\site\locks\deployments.lock&apos; released" date="2025-08-30T03:24:49.511" /><!-- duration: 0ms -->
    <step title="Deleting shutdown sentinel file" date="2025-08-30T03:24:49.527" SemaphoreCount="8" /><!-- duration: 0ms -->
    <step title="Starting FetchDeploy" date="2025-08-30T03:24:49.542" /><!-- duration: 0ms -->
    <step title="Start deployment in the background" date="2025-08-30T03:24:49.558" /><!-- duration: 141ms -->
  </step><!-- duration: 7246ms -->
  <step title="Outgoing response" date="2025-08-30T03:24:49.714" type="response" statusCode="202" statusText="Accepted" Server="Microsoft-IIS/10.0" x-ms-request-id="d672202e-8550-11f0-8e59-f0d5bf67e011" Retry-After="30" Cache-Control="private" X-AspNet-Version="4.0.30319" Location="https://psctech-bcdadbajcrgwa2h5.scm.southafricanorth-01.azurewebsites.net/api/deployments/latest?deployer=ZipDeploy&amp;time=2025-08-30_03-24-49Z" /><!-- duration: 35ms -->
</step><!-- duration: 7387ms -->
