<step title="Incoming Request" date="2025-08-30T18:15:28.805" instance="f0ef07" url="/api/publish?type=zip" method="POST" type="request" pid="7220,2,27" Cache-Control="no-cache" Content-Length="22318174" Content-Type="application/octet-stream" Accept="*/*" Accept-Encoding="gzip, deflate" Authorization="Bea..." Host="psctech-bcdadbajcrgwa2h5.scm.southafricanorth-01.azurewebsites.net" User-Agent="AZURECLI/2.76.0 (MSI)" x-ms-client-request-id="41d705f0-85cd-11f0-92f2-f0d5bf67e011" X-ARR-LOG-ID="41d705f0-85cd-11f0-92f2-f0d5bf67e011" CLIENT-IP="41.121.22.190:30790" X-SITE-DEPLOYMENT-ID="psctech" WAS-DEFAULT-HOSTNAME="psctech-bcdadbajcrgwa2h5.scm.southafricanorth-01.azurewebsites.net" X-Forwarded-Proto="https" X-AppService-Proto="https" X-Forwarded-TlsVersion="1.3" X-WAWS-Unencoded-URL="/api/publish?type=zip" >
  <step title="Cleanup Xml Logs" date="2025-08-30T18:15:28.821" /><!-- duration: 16ms -->
  <step title="OneDeploy" date="2025-08-30T18:15:28.852" >
    <step title="Starting PushDeployAsync" date="2025-08-30T18:15:28.868" /><!-- duration: 0ms -->
    <step title="Updating shutdown sentinel last write time" date="2025-08-30T18:15:28.884" SemaphoreCount="7" /><!-- duration: 15ms -->
    <step title="LockFile &apos;C:\home\site\locks\deployments.lock&apos; acquired" date="2025-08-30T18:15:28.899" /><!-- duration: 16ms -->
    <step title="Saving request content to C:\local\Temp\zipdeploy\bci1yut1.zip" date="2025-08-30T18:15:28.915" >
      <step title="Total 22,318,174 bytes written to C:\local\Temp\zipdeploy\bci1yut1.zip" date="2025-08-30T18:15:35.041" /><!-- duration: 31ms -->
    </step><!-- duration: 6158ms -->
    <step title="LockFile &apos;C:\home\site\locks\deployments.lock&apos; released" date="2025-08-30T18:15:35.088" /><!-- duration: 0ms -->
    <step title="Deleting shutdown sentinel file" date="2025-08-30T18:15:35.104" SemaphoreCount="8" /><!-- duration: 0ms -->
    <step title="Starting FetchDeploy" date="2025-08-30T18:15:35.119" /><!-- duration: 0ms -->
    <step title="Attempting to fetch target branch HEAD" date="2025-08-30T18:15:35.119" /><!-- duration: 16ms -->
    <step title="Updating shutdown sentinel last write time" date="2025-08-30T18:15:35.135" SemaphoreCount="7" /><!-- duration: 0ms -->
    <step title="LockFile &apos;C:\home\site\locks\deployments.lock&apos; acquired" date="2025-08-30T18:15:35.151" /><!-- duration: 16ms -->
    <step title="Performing fetch based deployment" date="2025-08-30T18:15:35.182" >
      <step title="Creating temporary deployment" date="2025-08-30T18:15:35.182" /><!-- duration: 31ms -->
      <step title="Fetching changes." date="2025-08-30T18:15:35.354" /><!-- duration: 16ms -->
      <step title="Starting LocalZipHandler" date="2025-08-30T18:15:35.385" /><!-- duration: 0ms -->
      <step title="Starting LocalZipFetch" date="2025-08-30T18:15:35.385" /><!-- duration: 16ms -->
      <step title="Cleaning up temp folders from previous zip deployments and extracting pushed zip file C:\local\Temp\zipdeploy\bci1yut1.zip (21.28 MB) to C:\local\Temp\zipdeploy\extracted" date="2025-08-30T18:15:35.416" /><!-- duration: 0ms -->
      <step title="Cleaning up temp folders from previous zip deployments and extracting pushed zip file C:\local\Temp\zipdeploy\bci1yut1.zip (21.28 MB) to C:\local\Temp\zipdeploy\extracted" date="2025-08-30T18:15:35.416" >
        <step title="Renaming extractTargetDirectory(C:\local\Temp\zipdeploy\extracted) to tempDirectory(C:\local\Temp\zipdeploy\1hcnzp5i.uql)" date="2025-08-30T18:15:35.432" /><!-- duration: 0ms -->
        <step title="Extracting 263 entries to C:\local\Temp\zipdeploy\extracted directory" date="2025-08-30T18:15:35.636" >
          <step title="Extracting to C:\local\Temp\zipdeploy\extracted\af\Humanizer.resources.dll ..." date="2025-08-30T18:15:35.797" /><!-- duration: 0ms -->
          <step title="Extracting to C:\local\Temp\zipdeploy\extracted\ar\Humanizer.resources.dll ..." date="2025-08-30T18:15:35.807" /><!-- duration: 0ms -->
          <step title="Extracting to C:\local\Temp\zipdeploy\extracted\az\Humanizer.resources.dll ..." date="2025-08-30T18:15:35.807" /><!-- duration: 16ms -->
          <step title="Extracting to C:\local\Temp\zipdeploy\extracted\bg\Humanizer.resources.dll ..." date="2025-08-30T18:15:35.823" /><!-- duration: 16ms -->
          <step title="Extracting to C:\local\Temp\zipdeploy\extracted\bn-BD\Humanizer.resources.dll ..." date="2025-08-30T18:15:35.838" /><!-- duration: 0ms -->
          <step title="Omitting extracting file traces ..." date="2025-08-30T18:15:35.854" /><!-- duration: 0ms -->
        </step><!-- duration: 4067ms -->
      </step><!-- duration: 4328ms -->
      <step title="None repository commit" date="2025-08-30T18:15:39.763" >
        <step title="Commit id: 872a77a274b548b29fbac3213e640738" date="2025-08-30T18:15:39.763" Message="OneDeploy" AuthorName="N/A" AuthorEmail="N/A" /><!-- duration: 13ms -->
      </step><!-- duration: 13ms -->
      <step title="Before sending BuildRequestReceived status to /api/updatedeploystatus" date="2025-08-30T18:15:39.776" /><!-- duration: 0ms -->
      <step title="DeploymentManager.Deploy(id:872a77a274b548b29fbac3213e640738)" date="2025-08-30T18:15:39.791" >
        <step title="Collecting changeset information" date="2025-08-30T18:15:39.827" /><!-- duration: 74ms -->
        <step title="Updating submodules" date="2025-08-30T18:15:39.916" >
          <step title="Updating submodules." date="2025-08-30T18:15:39.979" /><!-- duration: 0ms -->
        </step><!-- duration: 98ms -->
        <step title="Preparing deployment for commit id &apos;872a77a274&apos;." date="2025-08-30T18:15:40.073" /><!-- duration: 17ms -->
        <step title="Determining deployment builder" date="2025-08-30T18:15:40.166" >
          <step title="Builder is OneDeployBuilder" date="2025-08-30T18:15:40.182" /><!-- duration: 0ms -->
        </step><!-- duration: 16ms -->
        <step title="Copying SSH keys" date="2025-08-30T18:15:40.214" /><!-- duration: 47ms -->
        <step title="Building" date="2025-08-30T18:15:40.261" >
          <step title="Running build. Project type: OneDeploy" date="2025-08-30T18:15:40.354" /><!-- duration: 16ms -->
          <step title="Copying the manifest" date="2025-08-30T18:15:40.448" /><!-- duration: 0ms -->
          <step title="Clean deploying to C:\home\site\wwwroot" date="2025-08-30T18:15:40.542" /><!-- duration: 0ms -->
          <step title="Generating deployment script." date="2025-08-30T18:15:40.605" /><!-- duration: 16ms -->
          <step title="Generating deployment script" date="2025-08-30T18:15:40.636" >
            <step title="Using cached version of the deployment script for command: -y --no-dot-deployment -r &quot;C:\local\Temp\zipdeploy\extracted&quot; -o &quot;C:\home\site\deployments\tools&quot; --basic --sitePath &quot;C:\local\Temp\zipdeploy\extracted&quot;" date="2025-08-30T18:15:40.683" /><!-- duration: 0ms -->
            <step title="Using cached version of deployment script (command: &apos;azure -y --no-dot-deployment -r &quot;C:\local\Temp\zipdeploy\extracted&quot; -o &quot;C:\home\site\deployments\tools&quot; --basic --sitePath &quot;C:\local\Temp\zipdeploy\extracted&quot;&apos;)." date="2025-08-30T18:15:40.698" /><!-- duration: 16ms -->
          </step><!-- duration: 94ms -->
          <step title="Running deployment command..." date="2025-08-30T18:15:40.795" /><!-- duration: 0ms -->
          <step title="Command: &quot;C:\home\site\deployments\tools\deploy.cmd&quot;" date="2025-08-30T18:15:40.826" /><!-- duration: 0ms -->
          <step title="Executing external process" date="2025-08-30T18:15:40.857" type="process" path="starter.cmd" arguments="&quot;C:\home\site\deployments\tools\deploy.cmd&quot;" >
            <step title="Handling Basic Web Site deployment." date="2025-08-30T18:15:41.468" /><!-- duration: 20ms -->
            <step title="Creating app_offline.htm" date="2025-08-30T18:15:45.938" /><!-- duration: 0ms -->
            <step title="KuduSync.NET from: &apos;C:\local\Temp\zipdeploy\extracted&apos; to: &apos;C:\home\site\wwwroot&apos;" date="2025-08-30T18:15:45.972" /><!-- duration: 12ms -->
            <step title="Copying file: &apos;psctech-backend.dll&apos;" date="2025-08-30T18:15:46.033" /><!-- duration: 20ms -->
            <step title="Copying file: &apos;psctech-backend.exe&apos;" date="2025-08-30T18:15:46.083" /><!-- duration: 11ms -->
            <step title="Copying file: &apos;psctech-backend.pdb&apos;" date="2025-08-30T18:15:46.143" /><!-- duration: 0ms -->
            <step title="Copying file: &apos;publish\appsettings.json&apos;" date="2025-08-30T18:15:46.173" /><!-- duration: 0ms -->
            <step title="Copying file: &apos;publish\appsettings.Production.json&apos;" date="2025-08-30T18:15:46.188" /><!-- duration: 0ms -->
            <step title="Copying file: &apos;publish\azure-deploy.json&apos;" date="2025-08-30T18:15:46.203" /><!-- duration: 0ms -->
            <step title="Copying file: &apos;publish\psctech-backend.deps.json&apos;" date="2025-08-30T18:15:46.219" /><!-- duration: 0ms -->
            <step title="Copying file: &apos;publish\psctech-backend.runtimeconfig.json&apos;" date="2025-08-30T18:15:46.235" /><!-- duration: 16ms -->
            <step title="Copying file: &apos;publish\psctech-backend.staticwebassets.endpoints.json&apos;" date="2025-08-30T18:15:46.266" /><!-- duration: 0ms -->
            <step title="Copying file: &apos;publish\web.config&apos;" date="2025-08-30T18:15:46.281" /><!-- duration: 0ms -->
            <step title="Deleting app_offline.htm" date="2025-08-30T18:15:46.297" /><!-- duration: 16ms -->
            <step title="Finished successfully." date="2025-08-30T18:15:46.313" /><!-- duration: 16ms -->
          </step><!-- duration: 5471ms -->
          <step title="Build completed succesfully." date="2025-08-30T18:15:46.455" /><!-- duration: 30ms -->
          <step title="Running post deployment command(s)..." date="2025-08-30T18:15:46.610" /><!-- duration: 16ms -->
          <step title="Requesting site restart" date="2025-08-30T18:15:46.719" /><!-- duration: 0ms -->
          <step title="Requesting site restart" date="2025-08-30T18:15:46.750" /><!-- duration: 20ms -->
          <step title="Requesting site restart. Attempt #1" date="2025-08-30T18:15:46.953" /><!-- duration: 20ms -->
          <step title="Requesting site restart. Attempt #1" date="2025-08-30T18:15:47.016" /><!-- duration: 18ms -->
          <step title="Successfully requested a restart. Attempt #1" date="2025-08-30T18:15:48.239" /><!-- duration: 12ms -->
          <step title="Successfully requested a restart. Attempt #1" date="2025-08-30T18:15:48.269" /><!-- duration: 13ms -->
          <step title="Deployment successful. DEPLOYMENTINFO: deploymentPath = OneDeploy, deployer = OneDeploy, os = windows, sku = Standard, siteName = psctech, siteHostName = psctech-bcdadbajcrgwa2h5.southafricanorth-01.azurewebsites.net, deploymentStatus = Success" date="2025-08-30T18:15:48.440" /><!-- duration: 30ms -->
          <step title="Purge deployment items" date="2025-08-30T18:15:49.161" >
            <step title="Remove 0a775270a, Success, received at 8/30/2025 4:23:10 AM" date="2025-08-30T18:15:49.344" /><!-- duration: 18ms -->
          </step><!-- duration: 214ms -->
        </step><!-- duration: 9196ms -->
      </step><!-- duration: 9665ms -->
      <step title="Cleaning up temp files" date="2025-08-30T18:15:49.469" /><!-- duration: 17ms -->
      <step title="Skip function trigger and logicapp sync because function is not enabled." date="2025-08-30T18:15:49.506" /><!-- duration: 10ms -->
    </step><!-- duration: 14480ms -->
    <step title="LockFile &apos;C:\home\site\locks\deployments.lock&apos; released" date="2025-08-30T18:15:49.692" /><!-- duration: 11ms -->
    <step title="Deleting shutdown sentinel file" date="2025-08-30T18:15:49.722" SemaphoreCount="8" /><!-- duration: 13ms -->
  </step><!-- duration: 20900ms -->
  <step title="Outgoing response" date="2025-08-30T18:15:49.833" type="response" statusCode="200" statusText="OK" Server="Microsoft-IIS/10.0" x-ms-request-id="41d705f0-85cd-11f0-92f2-f0d5bf67e011" Cache-Control="private" X-AspNet-Version="4.0.30319" /><!-- duration: 141ms -->
</step><!-- duration: 21305ms -->
