<step title="Incoming Request" date="2025-08-29T18:03:15.899" instance="f0ef07" url="/api/zipdeploy?isAsync=true" method="POST" type="request" pid="7884,2,7" Cache-Control="no-cache" Content-Length="67578658" Content-Type="application/octet-stream" Accept="*/*" Accept-Encoding="gzip, deflate" Authorization="Bea..." Host="psctech-bcdadbajcrgwa2h5.scm.southafricanorth-01.azurewebsites.net" User-Agent="AZURECLI/2.76.0 (MSI)" x-ms-client-request-id="6b9446f9-8502-11f0-9ba5-f0d5bf67e011" X-ARR-LOG-ID="6b9446f9-8502-11f0-9ba5-f0d5bf67e011" CLIENT-IP="41.121.55.158:2424" X-SITE-DEPLOYMENT-ID="psctech" WAS-DEFAULT-HOSTNAME="psctech-bcdadbajcrgwa2h5.scm.southafricanorth-01.azurewebsites.net" X-Forwarded-Proto="https" X-AppService-Proto="https" X-Forwarded-TlsVersion="1.3" X-WAWS-Unencoded-URL="/api/zipdeploy?isAsync=true" >
  <step title="Cleanup Xml Logs" date="2025-08-29T18:03:15.899" /><!-- duration: 16ms -->
  <step title="ZipPushDeploy" date="2025-08-29T18:03:16.056" >
    <step title="ZipDeploy. Extract zip. " date="2025-08-29T18:03:16.103" /><!-- duration: 18ms -->
    <step title="Starting PushDeployAsync" date="2025-08-29T18:03:16.149" /><!-- duration: 0ms -->
    <step title="Updating shutdown sentinel last write time" date="2025-08-29T18:03:16.259" SemaphoreCount="7" /><!-- duration: 23ms -->
    <step title="LockFile &apos;C:\home\site\locks\deployments.lock&apos; acquired" date="2025-08-29T18:03:16.321" /><!-- duration: 16ms -->
    <step title="Saving request content to C:\local\Temp\zipdeploy\uahbawjj.zip" date="2025-08-29T18:03:16.353" >
      <step title="Total 67,578,658 bytes written to C:\local\Temp\zipdeploy\uahbawjj.zip" date="2025-08-29T18:03:28.380" /><!-- duration: 0ms -->
    </step><!-- duration: 12043ms -->
    <step title="LockFile &apos;C:\home\site\locks\deployments.lock&apos; released" date="2025-08-29T18:03:28.396" /><!-- duration: 0ms -->
    <step title="Deleting shutdown sentinel file" date="2025-08-29T18:03:28.411" SemaphoreCount="8" /><!-- duration: 16ms -->
    <step title="Starting FetchDeploy" date="2025-08-29T18:03:28.459" /><!-- duration: 0ms -->
    <step title="Start deployment in the background" date="2025-08-29T18:03:28.474" /><!-- duration: 250ms -->
  </step><!-- duration: 12668ms -->
  <step title="Outgoing response" date="2025-08-29T18:03:28.739" type="response" statusCode="202" statusText="Accepted" Server="Microsoft-IIS/10.0" x-ms-request-id="6b9446f9-8502-11f0-9ba5-f0d5bf67e011" Retry-After="30" Cache-Control="private" X-AspNet-Version="4.0.30319" Location="https://psctech-bcdadbajcrgwa2h5.scm.southafricanorth-01.azurewebsites.net/api/deployments/latest?deployer=ZipDeploy&amp;time=2025-08-29_18-03-28Z" /><!-- duration: 53ms -->
</step><!-- duration: 12965ms -->
