<step title="Incoming Request" date="2025-08-30T14:31:09.894" instance="f0ef07" url="/api/publish?type=zip" method="POST" type="request" pid="7220,2,16" Cache-Control="no-cache" Content-Length="22239730" Content-Type="application/octet-stream" Accept="*/*" Accept-Encoding="gzip, deflate" Authorization="Bea..." Host="psctech-bcdadbajcrgwa2h5.scm.southafricanorth-01.azurewebsites.net" User-Agent="AZURECLI/2.76.0 (MSI)" x-ms-client-request-id="ea656d44-85ad-11f0-be52-f0d5bf67e011" X-ARR-LOG-ID="ea656d44-85ad-11f0-be52-f0d5bf67e011" CLIENT-IP="41.121.22.190:24115" X-SITE-DEPLOYMENT-ID="psctech" WAS-DEFAULT-HOSTNAME="psctech-bcdadbajcrgwa2h5.scm.southafricanorth-01.azurewebsites.net" X-Forwarded-Proto="https" X-AppService-Proto="https" X-Forwarded-TlsVersion="1.3" X-WAWS-Unencoded-URL="/api/publish?type=zip" >
  <step title="Cleanup Xml Logs" date="2025-08-30T14:31:09.894" /><!-- duration: 16ms -->
  <step title="OneDeploy" date="2025-08-30T14:31:09.957" >
    <step title="Starting PushDeployAsync" date="2025-08-30T14:31:09.972" /><!-- duration: 0ms -->
    <step title="Updating shutdown sentinel last write time" date="2025-08-30T14:31:10.082" SemaphoreCount="7" /><!-- duration: 0ms -->
    <step title="LockFile &apos;C:\home\site\locks\deployments.lock&apos; acquired" date="2025-08-30T14:31:10.166" /><!-- duration: 0ms -->
    <step title="Saving request content to C:\local\Temp\zipdeploy\zkl3g0io.zip" date="2025-08-30T14:31:10.175" >
      <step title="Total 22,239,730 bytes written to C:\local\Temp\zipdeploy\zkl3g0io.zip" date="2025-08-30T14:31:13.383" /><!-- duration: 0ms -->
    </step><!-- duration: 3224ms -->
    <step title="LockFile &apos;C:\home\site\locks\deployments.lock&apos; released" date="2025-08-30T14:31:13.415" /><!-- duration: 0ms -->
    <step title="Deleting shutdown sentinel file" date="2025-08-30T14:31:13.430" SemaphoreCount="8" /><!-- duration: 0ms -->
    <step title="Starting FetchDeploy" date="2025-08-30T14:31:13.446" /><!-- duration: 0ms -->
    <step title="Attempting to fetch target branch HEAD" date="2025-08-30T14:31:13.462" /><!-- duration: 0ms -->
    <step title="Updating shutdown sentinel last write time" date="2025-08-30T14:31:13.524" SemaphoreCount="7" /><!-- duration: 0ms -->
    <step title="LockFile &apos;C:\home\site\locks\deployments.lock&apos; acquired" date="2025-08-30T14:31:13.540" /><!-- duration: 16ms -->
    <step title="Performing fetch based deployment" date="2025-08-30T14:31:13.555" >
      <step title="Creating temporary deployment" date="2025-08-30T14:31:13.571" /><!-- duration: 47ms -->
      <step title="Fetching changes." date="2025-08-30T14:31:13.746" /><!-- duration: 0ms -->
      <step title="Starting LocalZipHandler" date="2025-08-30T14:31:13.758" /><!-- duration: 16ms -->
      <step title="Starting LocalZipFetch" date="2025-08-30T14:31:13.774" /><!-- duration: 16ms -->
      <step title="Cleaning up temp folders from previous zip deployments and extracting pushed zip file C:\local\Temp\zipdeploy\zkl3g0io.zip (21.21 MB) to C:\local\Temp\zipdeploy\extracted" date="2025-08-30T14:31:13.805" /><!-- duration: 16ms -->
      <step title="Cleaning up temp folders from previous zip deployments and extracting pushed zip file C:\local\Temp\zipdeploy\zkl3g0io.zip (21.21 MB) to C:\local\Temp\zipdeploy\extracted" date="2025-08-30T14:31:13.868" >
        <step title="Renaming extractTargetDirectory(C:\local\Temp\zipdeploy\extracted) to tempDirectory(C:\local\Temp\zipdeploy\fqrumgkv.3dk)" date="2025-08-30T14:31:13.884" /><!-- duration: 0ms -->
        <step title="Extracting 255 entries to C:\local\Temp\zipdeploy\extracted directory" date="2025-08-30T14:31:14.322" >
          <step title="Extracting to C:\local\Temp\zipdeploy\extracted\af\Humanizer.resources.dll ..." date="2025-08-30T14:31:14.337" /><!-- duration: 477ms -->
          <step title="Extracting to C:\local\Temp\zipdeploy\extracted\ar\Humanizer.resources.dll ..." date="2025-08-30T14:31:14.813" /><!-- duration: 0ms -->
          <step title="Extracting to C:\local\Temp\zipdeploy\extracted\az\Humanizer.resources.dll ..." date="2025-08-30T14:31:14.829" /><!-- duration: 0ms -->
          <step title="Extracting to C:\local\Temp\zipdeploy\extracted\bg\Humanizer.resources.dll ..." date="2025-08-30T14:31:14.845" /><!-- duration: 0ms -->
          <step title="Extracting to C:\local\Temp\zipdeploy\extracted\bn-BD\Humanizer.resources.dll ..." date="2025-08-30T14:31:14.860" /><!-- duration: 0ms -->
          <step title="Omitting extracting file traces ..." date="2025-08-30T14:31:14.860" /><!-- duration: 16ms -->
        </step><!-- duration: 4372ms -->
      </step><!-- duration: 4836ms -->
      <step title="None repository commit" date="2025-08-30T14:31:18.704" >
        <step title="Commit id: 770eae454a294729b09e4d369ac861d4" date="2025-08-30T14:31:18.740" Message="OneDeploy" AuthorName="N/A" AuthorEmail="N/A" /><!-- duration: 11ms -->
      </step><!-- duration: 64ms -->
      <step title="Before sending BuildRequestReceived status to /api/updatedeploystatus" date="2025-08-30T14:31:18.768" /><!-- duration: 14ms -->
      <step title="DeploymentManager.Deploy(id:770eae454a294729b09e4d369ac861d4)" date="2025-08-30T14:31:18.782" >
        <step title="Collecting changeset information" date="2025-08-30T14:31:18.782" /><!-- duration: 51ms -->
        <step title="Updating submodules" date="2025-08-30T14:31:18.849" >
          <step title="Updating submodules." date="2025-08-30T14:31:18.958" /><!-- duration: 0ms -->
        </step><!-- duration: 109ms -->
        <step title="Preparing deployment for commit id &apos;770eae454a&apos;." date="2025-08-30T14:31:19.056" /><!-- duration: 12ms -->
        <step title="Determining deployment builder" date="2025-08-30T14:31:19.147" >
          <step title="Builder is OneDeployBuilder" date="2025-08-30T14:31:19.177" /><!-- duration: 0ms -->
        </step><!-- duration: 46ms -->
        <step title="Copying SSH keys" date="2025-08-30T14:31:19.208" /><!-- duration: 16ms -->
        <step title="Building" date="2025-08-30T14:31:19.224" >
          <step title="Running build. Project type: OneDeploy" date="2025-08-30T14:31:19.287" /><!-- duration: 0ms -->
          <step title="Copying the manifest" date="2025-08-30T14:31:19.368" /><!-- duration: 0ms -->
          <step title="Clean deploying to C:\home\site\wwwroot" date="2025-08-30T14:31:19.459" /><!-- duration: 0ms -->
          <step title="Generating deployment script." date="2025-08-30T14:31:19.521" /><!-- duration: 0ms -->
          <step title="Generating deployment script" date="2025-08-30T14:31:19.552" >
            <step title="Using cached version of the deployment script for command: -y --no-dot-deployment -r &quot;C:\local\Temp\zipdeploy\extracted&quot; -o &quot;C:\home\site\deployments\tools&quot; --basic --sitePath &quot;C:\local\Temp\zipdeploy\extracted&quot;" date="2025-08-30T14:31:19.583" /><!-- duration: 0ms -->
            <step title="Using cached version of deployment script (command: &apos;azure -y --no-dot-deployment -r &quot;C:\local\Temp\zipdeploy\extracted&quot; -o &quot;C:\home\site\deployments\tools&quot; --basic --sitePath &quot;C:\local\Temp\zipdeploy\extracted&quot;&apos;)." date="2025-08-30T14:31:19.614" /><!-- duration: 0ms -->
          </step><!-- duration: 78ms -->
          <step title="Running deployment command..." date="2025-08-30T14:31:19.677" /><!-- duration: 0ms -->
          <step title="Command: &quot;C:\home\site\deployments\tools\deploy.cmd&quot;" date="2025-08-30T14:31:19.692" /><!-- duration: 16ms -->
          <step title="Executing external process" date="2025-08-30T14:31:19.728" type="process" path="starter.cmd" arguments="&quot;C:\home\site\deployments\tools\deploy.cmd&quot;" >
            <step title="Handling Basic Web Site deployment." date="2025-08-30T14:31:20.302" /><!-- duration: 20ms -->
            <step title="Creating app_offline.htm" date="2025-08-30T14:31:25.281" /><!-- duration: 0ms -->
            <step title="KuduSync.NET from: &apos;C:\local\Temp\zipdeploy\extracted&apos; to: &apos;C:\home\site\wwwroot&apos;" date="2025-08-30T14:31:25.328" /><!-- duration: 17ms -->
            <step title="Copying file: &apos;appsettings.json&apos;" date="2025-08-30T14:31:25.375" /><!-- duration: 20ms -->
            <step title="Copying file: &apos;psctech-backend.dll&apos;" date="2025-08-30T14:31:25.422" /><!-- duration: 17ms -->
            <step title="Copying file: &apos;psctech-backend.exe&apos;" date="2025-08-30T14:31:25.458" /><!-- duration: 11ms -->
            <step title="Copying file: &apos;psctech-backend.pdb&apos;" date="2025-08-30T14:31:25.505" /><!-- duration: 10ms -->
            <step title="Deleting app_offline.htm" date="2025-08-30T14:31:25.565" /><!-- duration: 0ms -->
            <step title="Finished successfully." date="2025-08-30T14:31:25.595" /><!-- duration: 30ms -->
          </step><!-- duration: 5917ms -->
          <step title="Build completed succesfully." date="2025-08-30T14:31:25.859" /><!-- duration: 18ms -->
          <step title="Running post deployment command(s)..." date="2025-08-30T14:31:26.109" /><!-- duration: 48ms -->
          <step title="Requesting site restart" date="2025-08-30T14:31:26.468" /><!-- duration: 31ms -->
          <step title="Requesting site restart" date="2025-08-30T14:31:26.531" /><!-- duration: 17ms -->
          <step title="Requesting site restart. Attempt #1" date="2025-08-30T14:31:26.738" /><!-- duration: 12ms -->
          <step title="Requesting site restart. Attempt #1" date="2025-08-30T14:31:26.768" /><!-- duration: 13ms -->
          <step title="Successfully requested a restart. Attempt #1" date="2025-08-30T14:31:27.158" /><!-- duration: 17ms -->
          <step title="Successfully requested a restart. Attempt #1" date="2025-08-30T14:31:27.205" /><!-- duration: 20ms -->
          <step title="Deployment successful. DEPLOYMENTINFO: deploymentPath = OneDeploy, deployer = OneDeploy, os = windows, sku = Standard, siteName = psctech, siteHostName = psctech-bcdadbajcrgwa2h5.southafricanorth-01.azurewebsites.net, deploymentStatus = Success" date="2025-08-30T14:31:27.284" /><!-- duration: 15ms -->
          <step title="Purge deployment items" date="2025-08-30T14:31:27.565" >
            <step title="Remove 30d71223e, Success, received at 8/29/2025 6:14:17 PM" date="2025-08-30T14:31:27.674" /><!-- duration: 18ms -->
          </step><!-- duration: 128ms -->
        </step><!-- duration: 8513ms -->
      </step><!-- duration: 8954ms -->
      <step title="Cleaning up temp files" date="2025-08-30T14:31:27.737" /><!-- duration: 16ms -->
      <step title="Skip function trigger and logicapp sync because function is not enabled." date="2025-08-30T14:31:27.752" /><!-- duration: 0ms -->
    </step><!-- duration: 14259ms -->
    <step title="LockFile &apos;C:\home\site\locks\deployments.lock&apos; released" date="2025-08-30T14:31:27.830" /><!-- duration: 0ms -->
    <step title="Deleting shutdown sentinel file" date="2025-08-30T14:31:27.846" SemaphoreCount="8" /><!-- duration: 0ms -->
  </step><!-- duration: 17905ms -->
  <step title="Outgoing response" date="2025-08-30T14:31:27.862" type="response" statusCode="200" statusText="OK" Server="Microsoft-IIS/10.0" x-ms-request-id="ea656d44-85ad-11f0-be52-f0d5bf67e011" Cache-Control="private" X-AspNet-Version="4.0.30319" /><!-- duration: 16ms -->
</step><!-- duration: 17983ms -->
