<step title="Incoming Request" date="2025-08-30T14:43:31.241" instance="f0ef07" url="/api/publish?type=zip" method="POST" type="request" pid="7220,2,9" Cache-Control="no-cache" Content-Length="22240400" Content-Type="application/octet-stream" Accept="*/*" Accept-Encoding="gzip, deflate" Authorization="Bea..." Host="psctech-bcdadbajcrgwa2h5.scm.southafricanorth-01.azurewebsites.net" User-Agent="AZURECLI/2.76.0 (MSI)" x-ms-client-request-id="a9bbbe23-85af-11f0-9ae8-f0d5bf67e011" X-ARR-LOG-ID="a9bbbe23-85af-11f0-9ae8-f0d5bf67e011" CLIENT-IP="41.121.22.190:24595" X-SITE-DEPLOYMENT-ID="psctech" WAS-DEFAULT-HOSTNAME="psctech-bcdadbajcrgwa2h5.scm.southafricanorth-01.azurewebsites.net" X-Forwarded-Proto="https" X-AppService-Proto="https" X-Forwarded-TlsVersion="1.3" X-WAWS-Unencoded-URL="/api/publish?type=zip" >
  <step title="Cleanup Xml Logs" date="2025-08-30T14:43:31.253" /><!-- duration: 0ms -->
  <step title="OneDeploy" date="2025-08-30T14:43:31.284" >
    <step title="Starting PushDeployAsync" date="2025-08-30T14:43:31.300" /><!-- duration: 0ms -->
    <step title="Updating shutdown sentinel last write time" date="2025-08-30T14:43:31.316" SemaphoreCount="7" /><!-- duration: 0ms -->
    <step title="LockFile &apos;C:\home\site\locks\deployments.lock&apos; acquired" date="2025-08-30T14:43:31.331" /><!-- duration: 0ms -->
    <step title="Saving request content to C:\local\Temp\zipdeploy\kevtp1o3.zip" date="2025-08-30T14:43:31.331" >
      <step title="Total 22,240,400 bytes written to C:\local\Temp\zipdeploy\kevtp1o3.zip" date="2025-08-30T14:43:34.566" /><!-- duration: 0ms -->
    </step><!-- duration: 3234ms -->
    <step title="LockFile &apos;C:\home\site\locks\deployments.lock&apos; released" date="2025-08-30T14:43:34.581" /><!-- duration: 0ms -->
    <step title="Deleting shutdown sentinel file" date="2025-08-30T14:43:34.597" SemaphoreCount="8" /><!-- duration: 0ms -->
    <step title="Starting FetchDeploy" date="2025-08-30T14:43:34.597" /><!-- duration: 16ms -->
    <step title="Attempting to fetch target branch HEAD" date="2025-08-30T14:43:34.613" /><!-- duration: 16ms -->
    <step title="Updating shutdown sentinel last write time" date="2025-08-30T14:43:34.628" SemaphoreCount="7" /><!-- duration: 16ms -->
    <step title="LockFile &apos;C:\home\site\locks\deployments.lock&apos; acquired" date="2025-08-30T14:43:34.644" /><!-- duration: 16ms -->
    <step title="Performing fetch based deployment" date="2025-08-30T14:43:34.660" >
      <step title="Creating temporary deployment" date="2025-08-30T14:43:34.675" /><!-- duration: 31ms -->
      <step title="Fetching changes." date="2025-08-30T14:43:34.818" /><!-- duration: 13ms -->
      <step title="Starting LocalZipHandler" date="2025-08-30T14:43:34.848" /><!-- duration: 17ms -->
      <step title="Starting LocalZipFetch" date="2025-08-30T14:43:34.878" /><!-- duration: 0ms -->
      <step title="Cleaning up temp folders from previous zip deployments and extracting pushed zip file C:\local\Temp\zipdeploy\kevtp1o3.zip (21.21 MB) to C:\local\Temp\zipdeploy\extracted" date="2025-08-30T14:43:34.894" /><!-- duration: 0ms -->
      <step title="Cleaning up temp folders from previous zip deployments and extracting pushed zip file C:\local\Temp\zipdeploy\kevtp1o3.zip (21.21 MB) to C:\local\Temp\zipdeploy\extracted" date="2025-08-30T14:43:34.910" >
        <step title="Renaming extractTargetDirectory(C:\local\Temp\zipdeploy\extracted) to tempDirectory(C:\local\Temp\zipdeploy\bnnsgq1p.v5u)" date="2025-08-30T14:43:34.910" /><!-- duration: 0ms -->
        <step title="Extracting 255 entries to C:\local\Temp\zipdeploy\extracted directory" date="2025-08-30T14:43:34.925" >
          <step title="Extracting to C:\local\Temp\zipdeploy\extracted\af\Humanizer.resources.dll ..." date="2025-08-30T14:43:35.132" /><!-- duration: 12ms -->
          <step title="Extracting to C:\local\Temp\zipdeploy\extracted\ar\Humanizer.resources.dll ..." date="2025-08-30T14:43:35.162" /><!-- duration: 13ms -->
          <step title="Extracting to C:\local\Temp\zipdeploy\extracted\az\Humanizer.resources.dll ..." date="2025-08-30T14:43:35.192" /><!-- duration: 14ms -->
          <step title="Extracting to C:\local\Temp\zipdeploy\extracted\bg\Humanizer.resources.dll ..." date="2025-08-30T14:43:35.222" /><!-- duration: 18ms -->
          <step title="Extracting to C:\local\Temp\zipdeploy\extracted\bn-BD\Humanizer.resources.dll ..." date="2025-08-30T14:43:35.240" /><!-- duration: 122ms -->
          <step title="Omitting extracting file traces ..." date="2025-08-30T14:43:35.394" /><!-- duration: 17ms -->
        </step><!-- duration: 3958ms -->
      </step><!-- duration: 3984ms -->
      <step title="None repository commit" date="2025-08-30T14:43:38.912" >
        <step title="Commit id: 8526445e5b5d4798bc89e82f6270aab6" date="2025-08-30T14:43:38.942" Message="OneDeploy" AuthorName="N/A" AuthorEmail="N/A" /><!-- duration: 20ms -->
      </step><!-- duration: 60ms -->
      <step title="Before sending BuildRequestReceived status to /api/updatedeploystatus" date="2025-08-30T14:43:38.991" /><!-- duration: 12ms -->
      <step title="DeploymentManager.Deploy(id:8526445e5b5d4798bc89e82f6270aab6)" date="2025-08-30T14:43:39.021" >
        <step title="Collecting changeset information" date="2025-08-30T14:43:39.021" /><!-- duration: 92ms -->
        <step title="Updating submodules" date="2025-08-30T14:43:39.129" >
          <step title="Updating submodules." date="2025-08-30T14:43:39.209" /><!-- duration: 13ms -->
        </step><!-- duration: 110ms -->
        <step title="Preparing deployment for commit id &apos;8526445e5b&apos;." date="2025-08-30T14:43:39.331" /><!-- duration: 47ms -->
        <step title="Determining deployment builder" date="2025-08-30T14:43:39.459" >
          <step title="Builder is OneDeployBuilder" date="2025-08-30T14:43:39.459" /><!-- duration: 0ms -->
        </step><!-- duration: 13ms -->
        <step title="Copying SSH keys" date="2025-08-30T14:43:39.488" /><!-- duration: 0ms -->
        <step title="Building" date="2025-08-30T14:43:39.503" >
          <step title="Running build. Project type: OneDeploy" date="2025-08-30T14:43:39.566" /><!-- duration: 0ms -->
          <step title="Copying the manifest" date="2025-08-30T14:43:39.663" /><!-- duration: 16ms -->
          <step title="Clean deploying to C:\home\site\wwwroot" date="2025-08-30T14:43:39.756" /><!-- duration: 0ms -->
          <step title="Generating deployment script." date="2025-08-30T14:43:39.850" /><!-- duration: 19ms -->
          <step title="Generating deployment script" date="2025-08-30T14:43:39.881" >
            <step title="Using cached version of the deployment script for command: -y --no-dot-deployment -r &quot;C:\local\Temp\zipdeploy\extracted&quot; -o &quot;C:\home\site\deployments\tools&quot; --basic --sitePath &quot;C:\local\Temp\zipdeploy\extracted&quot;" date="2025-08-30T14:43:39.913" /><!-- duration: 0ms -->
            <step title="Using cached version of deployment script (command: &apos;azure -y --no-dot-deployment -r &quot;C:\local\Temp\zipdeploy\extracted&quot; -o &quot;C:\home\site\deployments\tools&quot; --basic --sitePath &quot;C:\local\Temp\zipdeploy\extracted&quot;&apos;)." date="2025-08-30T14:43:39.960" /><!-- duration: 0ms -->
          </step><!-- duration: 109ms -->
          <step title="Running deployment command..." date="2025-08-30T14:43:40.038" /><!-- duration: 15ms -->
          <step title="Command: &quot;C:\home\site\deployments\tools\deploy.cmd&quot;" date="2025-08-30T14:43:40.069" /><!-- duration: 0ms -->
          <step title="Executing external process" date="2025-08-30T14:43:40.100" type="process" path="starter.cmd" arguments="&quot;C:\home\site\deployments\tools\deploy.cmd&quot;" >
            <step title="Handling Basic Web Site deployment." date="2025-08-30T14:43:40.601" /><!-- duration: 20ms -->
            <step title="Creating app_offline.htm" date="2025-08-30T14:43:46.085" /><!-- duration: 30ms -->
            <step title="KuduSync.NET from: &apos;C:\local\Temp\zipdeploy\extracted&apos; to: &apos;C:\home\site\wwwroot&apos;" date="2025-08-30T14:43:46.165" /><!-- duration: 30ms -->
            <step title="Copying file: &apos;psctech-backend.dll&apos;" date="2025-08-30T14:43:46.238" /><!-- duration: 18ms -->
            <step title="Copying file: &apos;psctech-backend.exe&apos;" date="2025-08-30T14:43:46.316" /><!-- duration: 20ms -->
            <step title="Copying file: &apos;psctech-backend.pdb&apos;" date="2025-08-30T14:43:46.378" /><!-- duration: 0ms -->
            <step title="Deleting app_offline.htm" date="2025-08-30T14:43:46.394" /><!-- duration: 0ms -->
            <step title="Finished successfully." date="2025-08-30T14:43:46.409" /><!-- duration: 16ms -->
          </step><!-- duration: 6325ms -->
          <step title="Build completed succesfully." date="2025-08-30T14:43:46.519" /><!-- duration: 0ms -->
          <step title="Running post deployment command(s)..." date="2025-08-30T14:43:46.613" /><!-- duration: 16ms -->
          <step title="Requesting site restart" date="2025-08-30T14:43:46.804" /><!-- duration: 11ms -->
          <step title="Requesting site restart" date="2025-08-30T14:43:46.816" /><!-- duration: 0ms -->
          <step title="Requesting site restart. Attempt #1" date="2025-08-30T14:43:46.878" /><!-- duration: 16ms -->
          <step title="Requesting site restart. Attempt #1" date="2025-08-30T14:43:46.909" /><!-- duration: 0ms -->
          <step title="Successfully requested a restart. Attempt #1" date="2025-08-30T14:43:47.238" /><!-- duration: 0ms -->
          <step title="Successfully requested a restart. Attempt #1" date="2025-08-30T14:43:47.253" /><!-- duration: 19ms -->
          <step title="Deployment successful. DEPLOYMENTINFO: deploymentPath = OneDeploy, deployer = OneDeploy, os = windows, sku = Standard, siteName = psctech, siteHostName = psctech-bcdadbajcrgwa2h5.southafricanorth-01.azurewebsites.net, deploymentStatus = Success" date="2025-08-30T14:43:47.331" /><!-- duration: 0ms -->
          <step title="Purge deployment items" date="2025-08-30T14:43:47.488" >
            <step title="Remove 7c8952af0, Success, received at 8/30/2025 2:45:02 AM" date="2025-08-30T14:43:47.566" /><!-- duration: 31ms -->
          </step><!-- duration: 143ms -->
        </step><!-- duration: 8156ms -->
      </step><!-- duration: 8639ms -->
      <step title="Cleaning up temp files" date="2025-08-30T14:43:47.675" /><!-- duration: 0ms -->
      <step title="Skip function trigger and logicapp sync because function is not enabled." date="2025-08-30T14:43:47.691" /><!-- duration: 16ms -->
    </step><!-- duration: 13094ms -->
    <step title="LockFile &apos;C:\home\site\locks\deployments.lock&apos; released" date="2025-08-30T14:43:47.769" /><!-- duration: 0ms -->
    <step title="Deleting shutdown sentinel file" date="2025-08-30T14:43:47.800" SemaphoreCount="8" /><!-- duration: 0ms -->
  </step><!-- duration: 16516ms -->
  <step title="Outgoing response" date="2025-08-30T14:43:47.816" type="response" statusCode="200" statusText="OK" Server="Microsoft-IIS/10.0" x-ms-request-id="a9bbbe23-85af-11f0-9ae8-f0d5bf67e011" Cache-Control="private" X-AspNet-Version="4.0.30319" /><!-- duration: 0ms -->
</step><!-- duration: 16575ms -->
