<step title="BackgroundTrace" date="2025-08-29T18:03:28.489" instance="f0ef07" url="/api/zipdeploy" method="POST" >
  <step title="Cleanup Xml Logs" date="2025-08-29T18:03:28.489" /><!-- duration: 20ms -->
  <step title="Updating shutdown sentinel last write time" date="2025-08-29T18:03:28.569" SemaphoreCount="7" /><!-- duration: 14ms -->
  <step title="LockFile &apos;C:\home\site\locks\deployments.lock&apos; acquired" date="2025-08-29T18:03:28.600" /><!-- duration: 0ms -->
  <step title="Creating temporary deployment" date="2025-08-29T18:03:28.614" /><!-- duration: 78ms -->
  <step title="Performing fetch based deployment" date="2025-08-29T18:03:28.724" >
    <step title="Fetching changes." date="2025-08-29T18:03:28.994" /><!-- duration: 11ms -->
    <step title="Starting LocalZipHandler" date="2025-08-29T18:03:29.024" /><!-- duration: 12ms -->
    <step title="Cleaning up temp folders from previous zip deployments and extracting pushed zip file C:\local\Temp\zipdeploy\uahbawjj.zip (64.45 MB) to C:\local\Temp\zipdeploy\extracted" date="2025-08-29T18:03:29.099" /><!-- duration: 0ms -->
    <step title="Cleaning up temp folders from previous zip deployments and extracting pushed zip file C:\local\Temp\zipdeploy\uahbawjj.zip (64.45 MB) to C:\local\Temp\zipdeploy\extracted" date="2025-08-29T18:03:29.114" >
      <step title="Extracting 594 entries to C:\local\Temp\zipdeploy\extracted directory" date="2025-08-29T18:03:29.166" >
        <step title="Extracting to C:\local\Temp\zipdeploy\extracted\af\Humanizer.resources.dll ..." date="2025-08-29T18:03:29.166" /><!-- duration: 11ms -->
        <step title="Extracting to C:\local\Temp\zipdeploy\extracted\api\auth.js ..." date="2025-08-29T18:03:29.177" /><!-- duration: 16ms -->
        <step title="Extracting to C:\local\Temp\zipdeploy\extracted\api\competitions.js ..." date="2025-08-29T18:03:29.193" /><!-- duration: 16ms -->
        <step title="Extracting to C:\local\Temp\zipdeploy\extracted\api\index.js ..." date="2025-08-29T18:03:29.208" /><!-- duration: 0ms -->
        <step title="Extracting to C:\local\Temp\zipdeploy\extracted\api\institutions.js ..." date="2025-08-29T18:03:29.224" /><!-- duration: 0ms -->
        <step title="Omitting extracting file traces ..." date="2025-08-29T18:03:29.224" /><!-- duration: 16ms -->
      </step><!-- duration: 12842ms -->
    </step><!-- duration: 12924ms -->
    <step title="Before sending BuildRequestReceived status to /api/updatedeploystatus" date="2025-08-29T18:03:42.116" /><!-- duration: 20ms -->
    <step title="DeploymentManager.Deploy(id:c2ea11be300549f9bfd8b5d6b34326da)" date="2025-08-29T18:03:42.146" >
      <step title="Collecting changeset information" date="2025-08-29T18:03:42.177" /><!-- duration: 144ms -->
      <step title="Updating submodules" date="2025-08-29T18:03:42.333" >
        <step title="Updating submodules." date="2025-08-29T18:03:42.411" /><!-- duration: 63ms -->
      </step><!-- duration: 156ms -->
      <step title="Preparing deployment for commit id &apos;c2ea11be30&apos;." date="2025-08-29T18:03:42.583" /><!-- duration: 0ms -->
      <step title="Determining deployment builder" date="2025-08-29T18:03:42.694" >
        <step title="Builder is BasicBuilder" date="2025-08-29T18:03:42.724" /><!-- duration: 18ms -->
      </step><!-- duration: 49ms -->
      <step title="Copying SSH keys" date="2025-08-29T18:03:42.771" /><!-- duration: 16ms -->
      <step title="Building" date="2025-08-29T18:03:42.786" >
        <step title="Generating deployment script." date="2025-08-29T18:03:42.880" /><!-- duration: 0ms -->
        <step title="Generating deployment script" date="2025-08-29T18:03:42.880" >
          <step title="Using the following command to generate deployment script: &apos;azure site deploymentscript -y --no-dot-deployment -r &quot;C:\local\Temp\zipdeploy\extracted&quot; -o &quot;C:\home\site\deployments\tools&quot; --basic --sitePath &quot;C:\local\Temp\zipdeploy\extracted&quot;&apos;." date="2025-08-29T18:03:42.990" /><!-- duration: 15ms -->
          <step title="Executing external process" date="2025-08-29T18:03:43.036" type="process" path="starter.cmd" arguments="&quot;C:\Program Files (x86)\SiteExtensions\Kudu\2025.06.2.6\bin\node_modules\.bin\kuduscript.cmd&quot; -y --no-dot-deployment -r &quot;C:\local\Temp\zipdeploy\extracted&quot; -o &quot;C:\home\site\deployments\tools&quot; --basic --sitePath &quot;C:\local\Temp\zipdeploy\extracted&quot;" >
            <step title="Generating deployment script for Web Site" date="2025-08-29T18:03:44.127" /><!-- duration: 0ms -->
          </step><!-- duration: 1354ms -->
          <step title="Saved cached version of the deployment script for command -y --no-dot-deployment -r &quot;C:\local\Temp\zipdeploy\extracted&quot; -o &quot;C:\home\site\deployments\tools&quot; --basic --sitePath &quot;C:\local\Temp\zipdeploy\extracted&quot;" date="2025-08-29T18:03:44.406" /><!-- duration: 0ms -->
        </step><!-- duration: 1526ms -->
        <step title="Running deployment command..." date="2025-08-29T18:03:44.503" /><!-- duration: 12ms -->
        <step title="Command: &quot;C:\home\site\deployments\tools\deploy.cmd&quot;" date="2025-08-29T18:03:44.531" /><!-- duration: 0ms -->
        <step title="Executing external process" date="2025-08-29T18:03:44.547" type="process" path="starter.cmd" arguments="&quot;C:\home\site\deployments\tools\deploy.cmd&quot;" >
          <step title="Handling Basic Web Site deployment." date="2025-08-29T18:03:45.344" /><!-- duration: 0ms -->
          <step title="Creating app_offline.htm" date="2025-08-29T18:03:46.613" /><!-- duration: 18ms -->
          <step title="KuduSync.NET from: &apos;C:\local\Temp\zipdeploy\extracted&apos; to: &apos;C:\home\site\wwwroot&apos;" date="2025-08-29T18:03:46.641" /><!-- duration: 15ms -->
          <step title="Deleting file: &apos;hostingstart.html&apos;" date="2025-08-29T18:03:46.672" /><!-- duration: 20ms -->
          <step title="Copying file: &apos;.env&apos;" date="2025-08-29T18:03:46.721" /><!-- duration: 0ms -->
          <step title="Copying file: &apos;aspnetcorev2_inprocess.dll&apos;" date="2025-08-29T18:03:46.752" /><!-- duration: 0ms -->
          <step title="Copying file: &apos;Azure.Core.dll&apos;" date="2025-08-29T18:03:46.782" /><!-- duration: 20ms -->
          <step title="Copying file: &apos;Azure.Identity.dll&apos;" date="2025-08-29T18:03:46.832" /><!-- duration: 12ms -->
          <step title="Copying file: &apos;clretwrc.dll&apos;" date="2025-08-29T18:03:46.862" /><!-- duration: 13ms -->
          <step title="Copying file: &apos;clrgc.dll&apos;" date="2025-08-29T18:03:46.922" /><!-- duration: 20ms -->
          <step title="Copying file: &apos;clrjit.dll&apos;" date="2025-08-29T18:03:46.953" /><!-- duration: 20ms -->
          <step title="Copying file: &apos;coreclr.dll&apos;" date="2025-08-29T18:03:46.984" /><!-- duration: 18ms -->
          <step title="Copying file: &apos;createdump.exe&apos;" date="2025-08-29T18:03:47.033" /><!-- duration: 30ms -->
          <step title="Copying file: &apos;dotnet-aspnet-codegenerator-design.dll&apos;" date="2025-08-29T18:03:47.094" /><!-- duration: 19ms -->
          <step title="Copying file: &apos;hostfxr.dll&apos;" date="2025-08-29T18:03:47.125" /><!-- duration: 18ms -->
          <step title="Copying file: &apos;hostpolicy.dll&apos;" date="2025-08-29T18:03:47.156" /><!-- duration: 17ms -->
          <step title="Copying file: &apos;Humanizer.dll&apos;" date="2025-08-29T18:03:47.203" /><!-- duration: 0ms -->
          <step title="Copying file: &apos;Microsoft.AspNetCore.Antiforgery.dll&apos;" date="2025-08-29T18:03:47.234" /><!-- duration: 0ms -->
          <step title="Copying file: &apos;Microsoft.AspNetCore.Authentication.Abstractions.dll&apos;" date="2025-08-29T18:03:47.266" /><!-- duration: 18ms -->
          <step title="Copying file: &apos;Microsoft.AspNetCore.Authentication.BearerToken.dll&apos;" date="2025-08-29T18:03:47.314" /><!-- duration: 0ms -->
          <step title="Copying file: &apos;Microsoft.AspNetCore.Authentication.Cookies.dll&apos;" date="2025-08-29T18:03:47.344" /><!-- duration: 20ms -->
          <step title="Copying file: &apos;Microsoft.AspNetCore.Authentication.Core.dll&apos;" date="2025-08-29T18:03:47.394" /><!-- duration: 30ms -->
          <step title="Copying file: &apos;Microsoft.AspNetCore.Authentication.dll&apos;" date="2025-08-29T18:03:47.454" /><!-- duration: 20ms -->
          <step title="Copying file: &apos;Microsoft.AspNetCore.Authentication.JwtBearer.dll&apos;" date="2025-08-29T18:03:47.516" /><!-- duration: 0ms -->
          <step title="Copying file: &apos;Microsoft.AspNetCore.Authentication.OAuth.dll&apos;" date="2025-08-29T18:03:47.582" /><!-- duration: 0ms -->
          <step title="Copying file: &apos;Microsoft.AspNetCore.Authorization.dll&apos;" date="2025-08-29T18:03:47.594" /><!-- duration: 19ms -->
          <step title="Copying file: &apos;Microsoft.AspNetCore.Authorization.Policy.dll&apos;" date="2025-08-29T18:03:47.625" /><!-- duration: 0ms -->
          <step title="Copying file: &apos;Microsoft.AspNetCore.Components.Authorization.dll&apos;" date="2025-08-29T18:03:47.643" /><!-- duration: 14ms -->
          <step title="Copying file: &apos;Microsoft.AspNetCore.Components.dll&apos;" date="2025-08-29T18:03:47.673" /><!-- duration: 15ms -->
          <step title="Copying file: &apos;Microsoft.AspNetCore.Components.Endpoints.dll&apos;" date="2025-08-29T18:03:47.723" /><!-- duration: 0ms -->
          <step title="Copying file: &apos;Microsoft.AspNetCore.Components.Forms.dll&apos;" date="2025-08-29T18:03:47.753" /><!-- duration: 0ms -->
          <step title="Copying file: &apos;Microsoft.AspNetCore.Components.Server.dll&apos;" date="2025-08-29T18:03:47.783" /><!-- duration: 0ms -->
          <step title="Copying file: &apos;Microsoft.AspNetCore.Components.Web.dll&apos;" date="2025-08-29T18:03:47.797" /><!-- duration: 0ms -->
          <step title="Copying file: &apos;Microsoft.AspNetCore.Connections.Abstractions.dll&apos;" date="2025-08-29T18:03:47.814" /><!-- duration: 14ms -->
          <step title="Copying file: &apos;Microsoft.AspNetCore.CookiePolicy.dll&apos;" date="2025-08-29T18:03:47.844" /><!-- duration: 15ms -->
          <step title="Copying file: &apos;Microsoft.AspNetCore.Cors.dll&apos;" date="2025-08-29T18:03:47.906" /><!-- duration: 17ms -->
          <step title="Copying file: &apos;Microsoft.AspNetCore.Cryptography.Internal.dll&apos;" date="2025-08-29T18:03:48.018" /><!-- duration: 30ms -->
          <step title="Copying file: &apos;Microsoft.AspNetCore.Cryptography.KeyDerivation.dll&apos;" date="2025-08-29T18:03:48.078" /><!-- duration: 31ms -->
          <step title="Copying file: &apos;Microsoft.AspNetCore.DataProtection.Abstractions.dll&apos;" date="2025-08-29T18:03:48.141" /><!-- duration: 18ms -->
          <step title="Copying file: &apos;Microsoft.AspNetCore.DataProtection.dll&apos;" date="2025-08-29T18:03:48.189" /><!-- duration: 20ms -->
          <step title="Copying file: &apos;Microsoft.AspNetCore.DataProtection.Extensions.dll&apos;" date="2025-08-29T18:03:48.234" /><!-- duration: 0ms -->
          <step title="Copying file: &apos;Microsoft.AspNetCore.Diagnostics.Abstractions.dll&apos;" date="2025-08-29T18:03:48.269" /><!-- duration: 30ms -->
          <step title="Copying file: &apos;Microsoft.AspNetCore.Diagnostics.dll&apos;" date="2025-08-29T18:03:48.330" /><!-- duration: 20ms -->
          <step title="Copying file: &apos;Microsoft.AspNetCore.Diagnostics.HealthChecks.dll&apos;" date="2025-08-29T18:03:48.380" /><!-- duration: 11ms -->
          <step title="Copying file: &apos;Microsoft.AspNetCore.dll&apos;" date="2025-08-29T18:03:48.440" /><!-- duration: 191ms -->
          <step title="Copying file: &apos;Microsoft.AspNetCore.HostFiltering.dll&apos;" date="2025-08-29T18:03:48.672" /><!-- duration: 0ms -->
          <step title="Copying file: &apos;Microsoft.AspNetCore.Hosting.Abstractions.dll&apos;" date="2025-08-29T18:03:48.722" /><!-- duration: 0ms -->
          <step title="Copying file: &apos;Microsoft.AspNetCore.Hosting.dll&apos;" date="2025-08-29T18:03:48.752" /><!-- duration: 0ms -->
          <step title="Copying file: &apos;Microsoft.AspNetCore.Hosting.Server.Abstractions.dll&apos;" date="2025-08-29T18:03:48.782" /><!-- duration: 0ms -->
          <step title="Copying file: &apos;Microsoft.AspNetCore.Html.Abstractions.dll&apos;" date="2025-08-29T18:03:48.812" /><!-- duration: 16ms -->
          <step title="Copying file: &apos;Microsoft.AspNetCore.Http.Abstractions.dll&apos;" date="2025-08-29T18:03:48.859" /><!-- duration: 109ms -->
          <step title="Omitting next output lines..." date="2025-08-29T18:03:49.047" /><!-- duration: 17ms -->
          <step title="Finished successfully." date="2025-08-29T18:04:01.377" /><!-- duration: 20ms -->
        </step><!-- duration: 16861ms -->
        <step title="Running post deployment command(s)..." date="2025-08-29T18:04:01.485" /><!-- duration: 0ms -->
        <step title="Triggering recycle (preview mode disabled)." date="2025-08-29T18:04:01.626" /><!-- duration: 16ms -->
        <step title="Ignoring FS watcher based recycle request as this is a classic Windows app." date="2025-08-29T18:04:01.642" /><!-- duration: 16ms -->
        <step title="Deployment successful. DEPLOYMENTINFO: deploymentPath = ZipDeploy. Extract zip. , deployer = ZipDeploy, os = windows, sku = Standard, siteName = psctech, siteHostName = psctech-bcdadbajcrgwa2h5.southafricanorth-01.azurewebsites.net, deploymentStatus = Success" date="2025-08-29T18:04:01.754" /><!-- duration: 13ms -->
      </step><!-- duration: 19168ms -->
    </step><!-- duration: 19824ms -->
    <step title="Cleaning up temp files" date="2025-08-29T18:04:01.970" /><!-- duration: 16ms -->
    <step title="Skip function trigger and logicapp sync because function is not enabled." date="2025-08-29T18:04:02.017" /><!-- duration: 0ms -->
  </step><!-- duration: 33340ms -->
  <step title="LockFile &apos;C:\home\site\locks\deployments.lock&apos; released" date="2025-08-29T18:04:02.079" /><!-- duration: 0ms -->
  <step title="Deleting shutdown sentinel file" date="2025-08-29T18:04:02.095" SemaphoreCount="8" /><!-- duration: 0ms -->
</step><!-- duration: 33605ms -->
