<step title="Incoming Request" date="2025-08-30T13:14:33.917" instance="f0ef07" url="/api/zipdeploy?isAsync=true" method="POST" type="request" pid="4068,2,76" Cache-Control="no-cache" Content-Length="175119877" Content-Type="application/octet-stream" Accept="*/*" Accept-Encoding="gzip, deflate" Authorization="Bea..." Host="psctech-bcdadbajcrgwa2h5.scm.southafricanorth-01.azurewebsites.net" User-Agent="AZURECLI/2.76.0 (MSI)" x-ms-client-request-id="39cbe702-85a3-11f0-b6d4-f0d5bf67e011" X-ARR-LOG-ID="39cbe702-85a3-11f0-b6d4-f0d5bf67e011" CLIENT-IP="41.121.22.190:21385" X-SITE-DEPLOYMENT-ID="psctech" WAS-DEFAULT-HOSTNAME="psctech-bcdadbajcrgwa2h5.scm.southafricanorth-01.azurewebsites.net" X-Forwarded-Proto="https" X-AppService-Proto="https" X-Forwarded-TlsVersion="1.3" X-WAWS-Unencoded-URL="/api/zipdeploy?isAsync=true" >
  <step title="Cleanup Xml Logs" date="2025-08-30T13:14:33.933" /><!-- duration: 0ms -->
  <step title="ZipPushDeploy" date="2025-08-30T13:14:34.466" >
    <step title="ZipDeploy. Extract zip. " date="2025-08-30T13:14:34.544" /><!-- duration: 16ms -->
    <step title="Starting PushDeployAsync" date="2025-08-30T13:14:34.610" /><!-- duration: 12ms -->
    <step title="Updating shutdown sentinel last write time" date="2025-08-30T13:14:34.888" SemaphoreCount="7" /><!-- duration: 17ms -->
    <step title="LockFile &apos;C:\home\site\locks\deployments.lock&apos; acquired" date="2025-08-30T13:14:34.919" /><!-- duration: 0ms -->
    <step title="Saving request content to C:\local\Temp\zipdeploy\fkwx11xq.zip" date="2025-08-30T13:14:34.935" >
      <step title="Total 175,119,877 bytes written to C:\local\Temp\zipdeploy\fkwx11xq.zip" date="2025-08-30T13:15:04.818" /><!-- duration: 17ms -->
    </step><!-- duration: 29915ms -->
    <step title="LockFile &apos;C:\home\site\locks\deployments.lock&apos; released" date="2025-08-30T13:15:04.849" /><!-- duration: 31ms -->
    <step title="Deleting shutdown sentinel file" date="2025-08-30T13:15:04.927" SemaphoreCount="8" /><!-- duration: 0ms -->
    <step title="Starting FetchDeploy" date="2025-08-30T13:15:04.959" /><!-- duration: 0ms -->
    <step title="Start deployment in the background" date="2025-08-30T13:15:04.974" /><!-- duration: 380ms -->
  </step><!-- duration: 30930ms -->
  <step title="Outgoing response" date="2025-08-30T13:15:05.512" type="response" statusCode="202" statusText="Accepted" Server="Microsoft-IIS/10.0" x-ms-request-id="39cbe702-85a3-11f0-b6d4-f0d5bf67e011" Retry-After="30" Cache-Control="private" X-AspNet-Version="4.0.30319" Location="https://psctech-bcdadbajcrgwa2h5.scm.southafricanorth-01.azurewebsites.net/api/deployments/latest?deployer=ZipDeploy&amp;time=2025-08-30_13-15-05Z" /><!-- duration: 58ms -->
</step><!-- duration: 31673ms -->
