<step title="Incoming Request" date="2025-08-30T02:44:53.939" instance="f0ef07" url="/api/zipdeploy?isAsync=true" method="POST" type="request" pid="7884,2,36" Cache-Control="no-cache" Content-Length="21878073" Content-Type="application/octet-stream" Accept="*/*" Accept-Encoding="gzip, deflate" Authorization="Bea..." Host="psctech-bcdadbajcrgwa2h5.scm.southafricanorth-01.azurewebsites.net" User-Agent="AZURECLI/2.76.0 (MSI)" x-ms-client-request-id="44fe80bc-854b-11f0-9d63-f0d5bf67e011" X-ARR-LOG-ID="44fe80bc-854b-11f0-9d63-f0d5bf67e011" CLIENT-IP="41.121.46.221:25098" X-SITE-DEPLOYMENT-ID="psctech" WAS-DEFAULT-HOSTNAME="psctech-bcdadbajcrgwa2h5.scm.southafricanorth-01.azurewebsites.net" X-Forwarded-Proto="https" X-AppService-Proto="https" X-Forwarded-TlsVersion="1.3" X-WAWS-Unencoded-URL="/api/zipdeploy?isAsync=true" >
  <step title="Cleanup Xml Logs" date="2025-08-30T02:44:53.987" /><!-- duration: 15ms -->
  <step title="ZipPushDeploy" date="2025-08-30T02:44:54.017" >
    <step title="ZipDeploy. Extract zip. " date="2025-08-30T02:44:54.033" /><!-- duration: 0ms -->
    <step title="Starting PushDeployAsync" date="2025-08-30T02:44:54.049" /><!-- duration: 0ms -->
    <step title="Updating shutdown sentinel last write time" date="2025-08-30T02:44:54.192" SemaphoreCount="7" /><!-- duration: 0ms -->
    <step title="LockFile &apos;C:\home\site\locks\deployments.lock&apos; acquired" date="2025-08-30T02:44:54.208" /><!-- duration: 16ms -->
    <step title="Saving request content to C:\local\Temp\zipdeploy\2n13qucs.zip" date="2025-08-30T02:44:54.239" >
      <step title="Total 21,878,073 bytes written to C:\local\Temp\zipdeploy\2n13qucs.zip" date="2025-08-30T02:44:56.903" /><!-- duration: 16ms -->
    </step><!-- duration: 2680ms -->
    <step title="LockFile &apos;C:\home\site\locks\deployments.lock&apos; released" date="2025-08-30T02:44:56.934" /><!-- duration: 0ms -->
    <step title="Deleting shutdown sentinel file" date="2025-08-30T02:44:56.950" SemaphoreCount="8" /><!-- duration: 0ms -->
    <step title="Starting FetchDeploy" date="2025-08-30T02:44:56.950" /><!-- duration: 16ms -->
    <step title="Start deployment in the background" date="2025-08-30T02:44:56.966" /><!-- duration: 141ms -->
  </step><!-- duration: 3089ms -->
  <step title="Outgoing response" date="2025-08-30T02:44:57.122" type="response" statusCode="202" statusText="Accepted" Server="Microsoft-IIS/10.0" x-ms-request-id="44fe80bc-854b-11f0-9d63-f0d5bf67e011" Retry-After="30" Cache-Control="private" X-AspNet-Version="4.0.30319" Location="https://psctech-bcdadbajcrgwa2h5.scm.southafricanorth-01.azurewebsites.net/api/deployments/latest?deployer=ZipDeploy&amp;time=2025-08-30_02-44-57Z" /><!-- duration: 16ms -->
</step><!-- duration: 3217ms -->
