<step title="BackgroundTrace" date="2025-08-30T13:15:04.992" instance="f0ef07" url="/api/zipdeploy" method="POST" >
  <step title="Cleanup Xml Logs" date="2025-08-30T13:15:05.005" /><!-- duration: 31ms -->
  <step title="Updating shutdown sentinel last write time" date="2025-08-30T13:15:05.105" SemaphoreCount="7" /><!-- duration: 0ms -->
  <step title="LockFile &apos;C:\home\site\locks\deployments.lock&apos; acquired" date="2025-08-30T13:15:05.115" /><!-- duration: 0ms -->
  <step title="Creating temporary deployment" date="2025-08-30T13:15:05.146" /><!-- duration: 188ms -->
  <step title="Performing fetch based deployment" date="2025-08-30T13:15:05.396" >
    <step title="Fetching changes." date="2025-08-30T13:15:05.802" /><!-- duration: 0ms -->
    <step title="Starting LocalZipHandler" date="2025-08-30T13:15:05.834" /><!-- duration: 18ms -->
    <step title="Cleaning up temp folders from previous zip deployments and extracting pushed zip file C:\local\Temp\zipdeploy\fkwx11xq.zip (167.01 MB) to C:\local\Temp\zipdeploy\extracted" date="2025-08-30T13:15:05.943" /><!-- duration: 19ms -->
    <step title="Cleaning up temp folders from previous zip deployments and extracting pushed zip file C:\local\Temp\zipdeploy\fkwx11xq.zip (167.01 MB) to C:\local\Temp\zipdeploy\extracted" date="2025-08-30T13:15:05.962" >
      <step title="Extracting 303 entries to C:\local\Temp\zipdeploy\extracted directory" date="2025-08-30T13:15:06.021" >
        <step title="Extracting to C:\local\Temp\zipdeploy\extracted\af\Humanizer.resources.dll ..." date="2025-08-30T13:15:06.038" /><!-- duration: 0ms -->
        <step title="Extracting to C:\local\Temp\zipdeploy\extracted\ar\Humanizer.resources.dll ..." date="2025-08-30T13:15:06.068" /><!-- duration: 18ms -->
        <step title="Extracting to C:\local\Temp\zipdeploy\extracted\az\Humanizer.resources.dll ..." date="2025-08-30T13:15:06.086" /><!-- duration: 28ms -->
        <step title="Extracting to C:\local\Temp\zipdeploy\extracted\bg\Humanizer.resources.dll ..." date="2025-08-30T13:15:06.132" /><!-- duration: 20ms -->
        <step title="Extracting to C:\local\Temp\zipdeploy\extracted\bn-BD\Humanizer.resources.dll ..." date="2025-08-30T13:15:06.152" /><!-- duration: 28ms -->
        <step title="Omitting extracting file traces ..." date="2025-08-30T13:15:06.180" /><!-- duration: 28ms -->
      </step><!-- duration: 5875ms -->
    </step><!-- duration: 5953ms -->
    <step title="Before sending BuildRequestReceived status to /api/updatedeploystatus" date="2025-08-30T13:15:12.006" /><!-- duration: 18ms -->
    <step title="DeploymentManager.Deploy(id:f907cb50d96b42fbace29245dd4e099f)" date="2025-08-30T13:15:12.099" >
      <step title="Collecting changeset information" date="2025-08-30T13:15:12.131" /><!-- duration: 100ms -->
      <step title="Updating submodules" date="2025-08-30T13:15:12.241" >
        <step title="Updating submodules." date="2025-08-30T13:15:12.351" /><!-- duration: 0ms -->
      </step><!-- duration: 124ms -->
      <step title="Preparing deployment for commit id &apos;f907cb50d9&apos;." date="2025-08-30T13:15:12.490" /><!-- duration: 0ms -->
      <step title="Determining deployment builder" date="2025-08-30T13:15:12.631" >
        <step title="Builder is BasicBuilder" date="2025-08-30T13:15:12.667" /><!-- duration: 11ms -->
      </step><!-- duration: 47ms -->
      <step title="Copying SSH keys" date="2025-08-30T13:15:12.756" /><!-- duration: 31ms -->
      <step title="Building" date="2025-08-30T13:15:12.803" >
        <step title="Generating deployment script." date="2025-08-30T13:15:12.928" /><!-- duration: 0ms -->
        <step title="Generating deployment script" date="2025-08-30T13:15:12.959" >
          <step title="Using cached version of the deployment script for command: -y --no-dot-deployment -r &quot;C:\local\Temp\zipdeploy\extracted&quot; -o &quot;C:\home\site\deployments\tools&quot; --basic --sitePath &quot;C:\local\Temp\zipdeploy\extracted&quot;" date="2025-08-30T13:15:13.023" /><!-- duration: 19ms -->
          <step title="Using cached version of deployment script (command: &apos;azure -y --no-dot-deployment -r &quot;C:\local\Temp\zipdeploy\extracted&quot; -o &quot;C:\home\site\deployments\tools&quot; --basic --sitePath &quot;C:\local\Temp\zipdeploy\extracted&quot;&apos;)." date="2025-08-30T13:15:13.072" /><!-- duration: 12ms -->
        </step><!-- duration: 144ms -->
        <step title="Running deployment command..." date="2025-08-30T13:15:13.243" /><!-- duration: 13ms -->
        <step title="Command: &quot;C:\home\site\deployments\tools\deploy.cmd&quot;" date="2025-08-30T13:15:13.271" /><!-- duration: 22ms -->
        <step title="Executing external process" date="2025-08-30T13:15:13.383" type="process" path="starter.cmd" arguments="&quot;C:\home\site\deployments\tools\deploy.cmd&quot;" >
          <step title="Handling Basic Web Site deployment." date="2025-08-30T13:15:14.710" /><!-- duration: 0ms -->
          <step title="Creating app_offline.htm" date="2025-08-30T13:15:17.179" /><!-- duration: 0ms -->
          <step title="KuduSync.NET from: &apos;C:\local\Temp\zipdeploy\extracted&apos; to: &apos;C:\home\site\wwwroot&apos;" date="2025-08-30T13:15:17.209" /><!-- duration: 17ms -->
          <step title="Deleting app_offline.htm" date="2025-08-30T13:15:17.245" /><!-- duration: 11ms -->
          <step title="Finished successfully." date="2025-08-30T13:15:17.353" /><!-- duration: 12ms -->
        </step><!-- duration: 4060ms -->
        <step title="Running post deployment command(s)..." date="2025-08-30T13:15:18.434" /><!-- duration: 56ms -->
        <step title="Triggering recycle (preview mode disabled)." date="2025-08-30T13:15:18.943" /><!-- duration: 0ms -->
        <step title="Ignoring FS watcher based recycle request as this is a classic Windows app." date="2025-08-30T13:15:18.959" /><!-- duration: 34ms -->
        <step title="Deployment successful. DEPLOYMENTINFO: deploymentPath = ZipDeploy. Extract zip. , deployer = ZipDeploy, os = windows, sku = Standard, siteName = psctech, siteHostName = psctech-bcdadbajcrgwa2h5.southafricanorth-01.azurewebsites.net, deploymentStatus = Success" date="2025-08-30T13:15:19.181" /><!-- duration: 29ms -->
      </step><!-- duration: 6754ms -->
    </step><!-- duration: 7500ms -->
    <step title="Cleaning up temp files" date="2025-08-30T13:15:19.617" /><!-- duration: 0ms -->
    <step title="Skip function trigger and logicapp sync because function is not enabled." date="2025-08-30T13:15:19.667" /><!-- duration: 10ms -->
  </step><!-- duration: 14332ms -->
  <step title="LockFile &apos;C:\home\site\locks\deployments.lock&apos; released" date="2025-08-30T13:15:19.778" /><!-- duration: 10ms -->
  <step title="Deleting shutdown sentinel file" date="2025-08-30T13:15:19.818" SemaphoreCount="8" /><!-- duration: 20ms -->
</step><!-- duration: 14858ms -->
