<step title="Incoming Request" date="2025-08-30T14:18:48.146" instance="f0ef07" url="/api/publish?type=zip" method="POST" type="request" pid="7220,2,11" Cache-Control="no-cache" Content-Length="22232376" Content-Type="application/octet-stream" Accept="*/*" Accept-Encoding="gzip, deflate" Authorization="Bea..." Host="psctech-bcdadbajcrgwa2h5.scm.southafricanorth-01.azurewebsites.net" User-Agent="AZURECLI/2.76.0 (MSI)" x-ms-client-request-id="35554ede-85ac-11f0-bc0c-f0d5bf67e011" X-ARR-LOG-ID="35554ede-85ac-11f0-bc0c-f0d5bf67e011" CLIENT-IP="41.121.22.190:23608" X-SITE-DEPLOYMENT-ID="psctech" WAS-DEFAULT-HOSTNAME="psctech-bcdadbajcrgwa2h5.scm.southafricanorth-01.azurewebsites.net" X-Forwarded-Proto="https" X-AppService-Proto="https" X-Forwarded-TlsVersion="1.3" X-WAWS-Unencoded-URL="/api/publish?type=zip" >
  <step title="Cleanup Xml Logs" date="2025-08-30T14:18:48.146" /><!-- duration: 16ms -->
  <step title="OneDeploy" date="2025-08-30T14:18:48.526" >
    <step title="Starting PushDeployAsync" date="2025-08-30T14:18:48.614" /><!-- duration: 19ms -->
    <step title="Updating shutdown sentinel last write time" date="2025-08-30T14:18:48.866" SemaphoreCount="7" /><!-- duration: 0ms -->
    <step title="LockFile &apos;C:\home\site\locks\deployments.lock&apos; acquired" date="2025-08-30T14:18:48.882" /><!-- duration: 0ms -->
    <step title="Saving request content to C:\local\Temp\zipdeploy\whbnrkt3.zip" date="2025-08-30T14:18:48.915" >
      <step title="Total 22,232,376 bytes written to C:\local\Temp\zipdeploy\whbnrkt3.zip" date="2025-08-30T14:18:51.460" /><!-- duration: 16ms -->
    </step><!-- duration: 2560ms -->
    <step title="LockFile &apos;C:\home\site\locks\deployments.lock&apos; released" date="2025-08-30T14:18:51.491" /><!-- duration: 0ms -->
    <step title="Deleting shutdown sentinel file" date="2025-08-30T14:18:51.507" SemaphoreCount="8" /><!-- duration: 0ms -->
    <step title="Starting FetchDeploy" date="2025-08-30T14:18:51.540" /><!-- duration: 14ms -->
    <step title="Attempting to fetch target branch HEAD" date="2025-08-30T14:18:51.554" /><!-- duration: 0ms -->
    <step title="Updating shutdown sentinel last write time" date="2025-08-30T14:18:51.585" SemaphoreCount="7" /><!-- duration: 0ms -->
    <step title="LockFile &apos;C:\home\site\locks\deployments.lock&apos; acquired" date="2025-08-30T14:18:51.601" /><!-- duration: 0ms -->
    <step title="Performing fetch based deployment" date="2025-08-30T14:18:51.632" >
      <step title="Creating temporary deployment" date="2025-08-30T14:18:51.647" /><!-- duration: 78ms -->
      <step title="Fetching changes." date="2025-08-30T14:18:51.929" /><!-- duration: 16ms -->
      <step title="Starting LocalZipHandler" date="2025-08-30T14:18:51.960" /><!-- duration: 0ms -->
      <step title="Starting LocalZipFetch" date="2025-08-30T14:18:51.976" /><!-- duration: 16ms -->
      <step title="Cleaning up temp folders from previous zip deployments and extracting pushed zip file C:\local\Temp\zipdeploy\whbnrkt3.zip (21.20 MB) to C:\local\Temp\zipdeploy\extracted" date="2025-08-30T14:18:51.991" /><!-- duration: 16ms -->
      <step title="Cleaning up temp folders from previous zip deployments and extracting pushed zip file C:\local\Temp\zipdeploy\whbnrkt3.zip (21.20 MB) to C:\local\Temp\zipdeploy\extracted" date="2025-08-30T14:18:52.007" >
        <step title="Extracting 255 entries to C:\local\Temp\zipdeploy\extracted directory" date="2025-08-30T14:18:52.055" >
          <step title="Extracting to C:\local\Temp\zipdeploy\extracted\af\Humanizer.resources.dll ..." date="2025-08-30T14:18:52.085" /><!-- duration: 20ms -->
          <step title="Extracting to C:\local\Temp\zipdeploy\extracted\ar\Humanizer.resources.dll ..." date="2025-08-30T14:18:52.105" /><!-- duration: 11ms -->
          <step title="Extracting to C:\local\Temp\zipdeploy\extracted\az\Humanizer.resources.dll ..." date="2025-08-30T14:18:52.116" /><!-- duration: 0ms -->
          <step title="Extracting to C:\local\Temp\zipdeploy\extracted\bg\Humanizer.resources.dll ..." date="2025-08-30T14:18:52.132" /><!-- duration: 63ms -->
          <step title="Extracting to C:\local\Temp\zipdeploy\extracted\bn-BD\Humanizer.resources.dll ..." date="2025-08-30T14:18:52.214" /><!-- duration: 0ms -->
          <step title="Omitting extracting file traces ..." date="2025-08-30T14:18:52.226" /><!-- duration: 0ms -->
        </step><!-- duration: 3830ms -->
      </step><!-- duration: 3891ms -->
      <step title="None repository commit" date="2025-08-30T14:18:55.915" >
        <step title="Commit id: 87fd3476ab934a2381a4d0c2b207751c" date="2025-08-30T14:18:55.945" Message="OneDeploy" AuthorName="N/A" AuthorEmail="N/A" /><!-- duration: 0ms -->
      </step><!-- duration: 50ms -->
      <step title="Before sending BuildRequestReceived status to /api/updatedeploystatus" date="2025-08-30T14:18:55.976" /><!-- duration: 0ms -->
      <step title="DeploymentManager.Deploy(id:87fd3476ab934a2381a4d0c2b207751c)" date="2025-08-30T14:18:56.023" >
        <step title="Collecting changeset information" date="2025-08-30T14:18:56.072" /><!-- duration: 407ms -->
        <step title="Updating submodules" date="2025-08-30T14:18:56.509" >
          <step title="Updating submodules." date="2025-08-30T14:18:56.585" /><!-- duration: 0ms -->
        </step><!-- duration: 92ms -->
        <step title="Preparing deployment for commit id &apos;87fd3476ab&apos;." date="2025-08-30T14:18:56.694" /><!-- duration: 0ms -->
        <step title="Determining deployment builder" date="2025-08-30T14:18:56.762" >
          <step title="Builder is OneDeployBuilder" date="2025-08-30T14:18:56.792" /><!-- duration: 0ms -->
        </step><!-- duration: 42ms -->
        <step title="Copying SSH keys" date="2025-08-30T14:18:56.835" /><!-- duration: 16ms -->
        <step title="Building" date="2025-08-30T14:18:56.866" >
          <step title="Running build. Project type: OneDeploy" date="2025-08-30T14:18:56.913" /><!-- duration: 19ms -->
          <step title="Copying the manifest" date="2025-08-30T14:18:56.991" /><!-- duration: 0ms -->
          <step title="Clean deploying to C:\home\site\wwwroot" date="2025-08-30T14:18:57.101" /><!-- duration: 16ms -->
          <step title="Generating deployment script." date="2025-08-30T14:18:57.179" /><!-- duration: 0ms -->
          <step title="Generating deployment script" date="2025-08-30T14:18:57.194" >
            <step title="Using cached version of the deployment script for command: -y --no-dot-deployment -r &quot;C:\local\Temp\zipdeploy\extracted&quot; -o &quot;C:\home\site\deployments\tools&quot; --basic --sitePath &quot;C:\local\Temp\zipdeploy\extracted&quot;" date="2025-08-30T14:18:57.258" /><!-- duration: 0ms -->
            <step title="Using cached version of deployment script (command: &apos;azure -y --no-dot-deployment -r &quot;C:\local\Temp\zipdeploy\extracted&quot; -o &quot;C:\home\site\deployments\tools&quot; --basic --sitePath &quot;C:\local\Temp\zipdeploy\extracted&quot;&apos;)." date="2025-08-30T14:18:57.288" /><!-- duration: 0ms -->
          </step><!-- duration: 109ms -->
          <step title="Running deployment command..." date="2025-08-30T14:18:57.351" /><!-- duration: 16ms -->
          <step title="Command: &quot;C:\home\site\deployments\tools\deploy.cmd&quot;" date="2025-08-30T14:18:57.382" /><!-- duration: 0ms -->
          <step title="Executing external process" date="2025-08-30T14:18:57.448" type="process" path="starter.cmd" arguments="&quot;C:\home\site\deployments\tools\deploy.cmd&quot;" >
            <step title="Handling Basic Web Site deployment." date="2025-08-30T14:18:58.151" /><!-- duration: 0ms -->
            <step title="Creating app_offline.htm" date="2025-08-30T14:19:01.404" /><!-- duration: 0ms -->
            <step title="KuduSync.NET from: &apos;C:\local\Temp\zipdeploy\extracted&apos; to: &apos;C:\home\site\wwwroot&apos;" date="2025-08-30T14:19:01.437" /><!-- duration: 14ms -->
            <step title="Deleting file: &apos;firebase\service-account.json&apos;" date="2025-08-30T14:19:01.467" /><!-- duration: 20ms -->
            <step title="Deleting directory: &apos;firebase&apos;" date="2025-08-30T14:19:01.517" /><!-- duration: 11ms -->
            <step title="Deleting directory: &apos;logs&apos;" date="2025-08-30T14:19:01.560" /><!-- duration: 0ms -->
            <step title="Deleting file: &apos;out\appsettings.json&apos;" date="2025-08-30T14:19:01.578" /><!-- duration: 30ms -->
            <step title="Deleting file: &apos;out\appsettings.Production.json&apos;" date="2025-08-30T14:19:01.688" /><!-- duration: 0ms -->
            <step title="Deleting file: &apos;out\azure-deploy.json&apos;" date="2025-08-30T14:19:01.716" /><!-- duration: 32ms -->
            <step title="Deleting file: &apos;out\package-lock.json&apos;" date="2025-08-30T14:19:01.810" /><!-- duration: 0ms -->
            <step title="Deleting file: &apos;out\package.json&apos;" date="2025-08-30T14:19:01.841" /><!-- duration: 0ms -->
            <step title="Deleting file: &apos;out\psctech-backend.deps.json&apos;" date="2025-08-30T14:19:01.904" /><!-- duration: 0ms -->
            <step title="Deleting file: &apos;out\psctech-backend.runtimeconfig.json&apos;" date="2025-08-30T14:19:01.919" /><!-- duration: 0ms -->
            <step title="Deleting file: &apos;out\psctech-backend.staticwebassets.endpoints.json&apos;" date="2025-08-30T14:19:02.013" /><!-- duration: 78ms -->
            <step title="Deleting file: &apos;out\web.config&apos;" date="2025-08-30T14:19:02.218" /><!-- duration: 92ms -->
            <step title="Deleting file: &apos;out\firebase\service-account.json&apos;" date="2025-08-30T14:19:02.501" /><!-- duration: 12ms -->
            <step title="Deleting directory: &apos;out\firebase&apos;" date="2025-08-30T14:19:02.544" /><!-- duration: 16ms -->
            <step title="Deleting file: &apos;out\out\appsettings.json&apos;" date="2025-08-30T14:19:02.591" /><!-- duration: 0ms -->
            <step title="Deleting file: &apos;out\out\appsettings.Production.json&apos;" date="2025-08-30T14:19:02.670" /><!-- duration: 31ms -->
            <step title="Deleting file: &apos;out\out\azure-deploy.json&apos;" date="2025-08-30T14:19:02.763" /><!-- duration: 17ms -->
            <step title="Deleting file: &apos;out\out\package-lock.json&apos;" date="2025-08-30T14:19:02.891" /><!-- duration: 13ms -->
            <step title="Deleting file: &apos;out\out\package.json&apos;" date="2025-08-30T14:19:03.140" /><!-- duration: 60ms -->
            <step title="Deleting file: &apos;out\out\psctech-backend.deps.json&apos;" date="2025-08-30T14:19:03.263" /><!-- duration: 18ms -->
            <step title="Deleting file: &apos;out\out\psctech-backend.runtimeconfig.json&apos;" date="2025-08-30T14:19:03.310" /><!-- duration: 31ms -->
            <step title="Deleting file: &apos;out\out\psctech-backend.staticwebassets.endpoints.json&apos;" date="2025-08-30T14:19:03.420" /><!-- duration: 31ms -->
            <step title="Deleting file: &apos;out\out\web.config&apos;" date="2025-08-30T14:19:03.591" /><!-- duration: 16ms -->
            <step title="Deleting file: &apos;out\out\firebase\service-account.json&apos;" date="2025-08-30T14:19:04.048" /><!-- duration: 60ms -->
            <step title="Deleting directory: &apos;out\out\firebase&apos;" date="2025-08-30T14:19:04.296" /><!-- duration: 123ms -->
            <step title="Deleting file: &apos;out\out\out\appsettings.json&apos;" date="2025-08-30T14:19:04.798" /><!-- duration: 12ms -->
            <step title="Deleting file: &apos;out\out\out\appsettings.Production.json&apos;" date="2025-08-30T14:19:04.841" /><!-- duration: 0ms -->
            <step title="Deleting file: &apos;out\out\out\azure-deploy.json&apos;" date="2025-08-30T14:19:04.873" /><!-- duration: 0ms -->
            <step title="Deleting file: &apos;out\out\out\package-lock.json&apos;" date="2025-08-30T14:19:04.888" /><!-- duration: 0ms -->
            <step title="Deleting file: &apos;out\out\out\package.json&apos;" date="2025-08-30T14:19:04.904" /><!-- duration: 16ms -->
            <step title="Deleting file: &apos;out\out\out\psctech-backend.deps.json&apos;" date="2025-08-30T14:19:04.971" /><!-- duration: 0ms -->
            <step title="Deleting file: &apos;out\out\out\psctech-backend.runtimeconfig.json&apos;" date="2025-08-30T14:19:04.982" /><!-- duration: 0ms -->
            <step title="Deleting file: &apos;out\out\out\psctech-backend.staticwebassets.endpoints.json&apos;" date="2025-08-30T14:19:05.013" /><!-- duration: 19ms -->
            <step title="Deleting file: &apos;out\out\out\web.config&apos;" date="2025-08-30T14:19:05.092" /><!-- duration: 0ms -->
            <step title="Deleting file: &apos;out\out\out\firebase\service-account.json&apos;" date="2025-08-30T14:19:05.172" /><!-- duration: 13ms -->
            <step title="Deleting directory: &apos;out\out\out\firebase&apos;" date="2025-08-30T14:19:05.216" /><!-- duration: 0ms -->
            <step title="Deleting file: &apos;out\out\out\out\appsettings.json&apos;" date="2025-08-30T14:19:05.263" /><!-- duration: 0ms -->
            <step title="Deleting file: &apos;out\out\out\out\appsettings.Production.json&apos;" date="2025-08-30T14:19:05.331" /><!-- duration: 10ms -->
            <step title="Deleting file: &apos;out\out\out\out\azure-deploy.json&apos;" date="2025-08-30T14:19:05.373" /><!-- duration: 19ms -->
            <step title="Deleting file: &apos;out\out\out\out\package-lock.json&apos;" date="2025-08-30T14:19:05.421" /><!-- duration: 0ms -->
            <step title="Deleting file: &apos;out\out\out\out\package.json&apos;" date="2025-08-30T14:19:05.482" /><!-- duration: 0ms -->
            <step title="Deleting file: &apos;out\out\out\out\psctech-backend.deps.json&apos;" date="2025-08-30T14:19:05.514" /><!-- duration: 32ms -->
            <step title="Deleting file: &apos;out\out\out\out\psctech-backend.runtimeconfig.json&apos;" date="2025-08-30T14:19:05.576" /><!-- duration: 15ms -->
            <step title="Deleting file: &apos;out\out\out\out\psctech-backend.staticwebassets.endpoints.json&apos;" date="2025-08-30T14:19:05.638" /><!-- duration: 0ms -->
            <step title="Deleting file: &apos;out\out\out\out\web.config&apos;" date="2025-08-30T14:19:05.717" /><!-- duration: 31ms -->
            <step title="Deleting file: &apos;out\out\out\out\firebase\service-account.json&apos;" date="2025-08-30T14:19:05.841" /><!-- duration: 0ms -->
            <step title="Deleting directory: &apos;out\out\out\out\firebase&apos;" date="2025-08-30T14:19:05.919" /><!-- duration: 0ms -->
            <step title="Deleting file: &apos;out\out\out\out\out\psctech-backend.deps.json&apos;" date="2025-08-30T14:19:05.982" /><!-- duration: 17ms -->
            <step title="Omitting next output lines..." date="2025-08-30T14:19:06.050" /><!-- duration: 60ms -->
            <step title="Finished successfully." date="2025-08-30T14:19:06.269" /><!-- duration: 10ms -->
          </step><!-- duration: 8831ms -->
          <step title="Build completed succesfully." date="2025-08-30T14:19:06.560" /><!-- duration: 16ms -->
          <step title="Running post deployment command(s)..." date="2025-08-30T14:19:06.671" /><!-- duration: 30ms -->
          <step title="Requesting site restart" date="2025-08-30T14:19:06.982" /><!-- duration: 0ms -->
          <step title="Requesting site restart" date="2025-08-30T14:19:07.013" /><!-- duration: 0ms -->
          <step title="Requesting site restart. Attempt #1" date="2025-08-30T14:19:07.185" /><!-- duration: 0ms -->
          <step title="Requesting site restart. Attempt #1" date="2025-08-30T14:19:07.216" /><!-- duration: 0ms -->
          <step title="Successfully requested a restart. Attempt #1" date="2025-08-30T14:19:08.317" /><!-- duration: 16ms -->
          <step title="Successfully requested a restart. Attempt #1" date="2025-08-30T14:19:08.350" /><!-- duration: 31ms -->
          <step title="Deployment successful. DEPLOYMENTINFO: deploymentPath = OneDeploy, deployer = OneDeploy, os = windows, sku = Standard, siteName = psctech, siteHostName = psctech-bcdadbajcrgwa2h5.southafricanorth-01.azurewebsites.net, deploymentStatus = Success" date="2025-08-30T14:19:08.525" /><!-- duration: 11ms -->
          <step title="Purge deployment items" date="2025-08-30T14:19:09.022" >
            <step title="Remove c2ea11be3, Success, received at 8/29/2025 6:03:42 PM" date="2025-08-30T14:19:09.176" /><!-- duration: 16ms -->
          </step><!-- duration: 169ms -->
        </step><!-- duration: 12388ms -->
      </step><!-- duration: 13247ms -->
      <step title="Cleaning up temp files" date="2025-08-30T14:19:09.270" /><!-- duration: 34ms -->
      <step title="Skip function trigger and logicapp sync because function is not enabled." date="2025-08-30T14:19:09.334" /><!-- duration: 0ms -->
    </step><!-- duration: 17794ms -->
    <step title="LockFile &apos;C:\home\site\locks\deployments.lock&apos; released" date="2025-08-30T14:19:09.442" /><!-- duration: 0ms -->
    <step title="Deleting shutdown sentinel file" date="2025-08-30T14:19:09.473" SemaphoreCount="8" /><!-- duration: 18ms -->
  </step><!-- duration: 20965ms -->
  <step title="Outgoing response" date="2025-08-30T14:19:09.504" type="response" statusCode="200" statusText="OK" Server="Microsoft-IIS/10.0" x-ms-request-id="35554ede-85ac-11f0-bc0c-f0d5bf67e011" Cache-Control="private" X-AspNet-Version="4.0.30319" /><!-- duration: 0ms -->
</step><!-- duration: 21359ms -->
