<step title="BackgroundTrace" date="2025-08-30T08:19:48.822" instance="f0ef07" url="/api/zipdeploy" method="POST" >
  <step title="Cleanup Xml Logs" date="2025-08-30T08:19:48.822" /><!-- duration: 16ms -->
  <step title="Updating shutdown sentinel last write time" date="2025-08-30T08:19:48.885" SemaphoreCount="7" /><!-- duration: 16ms -->
  <step title="LockFile &apos;C:\home\site\locks\deployments.lock&apos; acquired" date="2025-08-30T08:19:48.900" /><!-- duration: 20ms -->
  <step title="Creating temporary deployment" date="2025-08-30T08:19:48.931" /><!-- duration: 78ms -->
  <step title="Performing fetch based deployment" date="2025-08-30T08:19:49.072" >
    <step title="Fetching changes." date="2025-08-30T08:19:49.478" /><!-- duration: 16ms -->
    <step title="Starting LocalZipHandler" date="2025-08-30T08:19:49.494" /><!-- duration: 16ms -->
    <step title="Cleaning up temp folders from previous zip deployments and extracting pushed zip file C:\local\Temp\zipdeploy\1fm3cct5.zip (166.88 MB) to C:\local\Temp\zipdeploy\extracted" date="2025-08-30T08:19:49.556" /><!-- duration: 0ms -->
    <step title="Cleaning up temp folders from previous zip deployments and extracting pushed zip file C:\local\Temp\zipdeploy\1fm3cct5.zip (166.88 MB) to C:\local\Temp\zipdeploy\extracted" date="2025-08-30T08:19:49.556" >
      <step title="Extracting 285 entries to C:\local\Temp\zipdeploy\extracted directory" date="2025-08-30T08:19:49.620" >
        <step title="Extracting to C:\local\Temp\zipdeploy\extracted\af\Humanizer.resources.dll ..." date="2025-08-30T08:19:49.620" /><!-- duration: 15ms -->
        <step title="Extracting to C:\local\Temp\zipdeploy\extracted\ar\Humanizer.resources.dll ..." date="2025-08-30T08:19:49.635" /><!-- duration: 16ms -->
        <step title="Extracting to C:\local\Temp\zipdeploy\extracted\az\Humanizer.resources.dll ..." date="2025-08-30T08:19:49.650" /><!-- duration: 0ms -->
        <step title="Extracting to C:\local\Temp\zipdeploy\extracted\bg\Humanizer.resources.dll ..." date="2025-08-30T08:19:49.666" /><!-- duration: 0ms -->
        <step title="Extracting to C:\local\Temp\zipdeploy\extracted\bn-BD\Humanizer.resources.dll ..." date="2025-08-30T08:19:49.666" /><!-- duration: 0ms -->
        <step title="Omitting extracting file traces ..." date="2025-08-30T08:19:49.681" /><!-- duration: 0ms -->
      </step><!-- duration: 7445ms -->
    </step><!-- duration: 7521ms -->
    <step title="Before sending BuildRequestReceived status to /api/updatedeploystatus" date="2025-08-30T08:19:57.095" /><!-- duration: 0ms -->
    <step title="DeploymentManager.Deploy(id:d3e6993a64be4ad48a025b58919eb4e1)" date="2025-08-30T08:19:57.125" >
      <step title="Collecting changeset information" date="2025-08-30T08:19:57.175" /><!-- duration: 824ms -->
      <step title="Updating submodules" date="2025-08-30T08:19:58.030" >
        <step title="Updating submodules." date="2025-08-30T08:19:58.360" /><!-- duration: 14ms -->
      </step><!-- duration: 380ms -->
      <step title="Preparing deployment for commit id &apos;d3e6993a64&apos;." date="2025-08-30T08:19:58.968" /><!-- duration: 16ms -->
      <step title="Determining deployment builder" date="2025-08-30T08:19:59.094" >
        <step title="Builder is BasicBuilder" date="2025-08-30T08:19:59.124" /><!-- duration: 0ms -->
      </step><!-- duration: 46ms -->
      <step title="Copying SSH keys" date="2025-08-30T08:19:59.171" /><!-- duration: 16ms -->
      <step title="Building" date="2025-08-30T08:19:59.187" >
        <step title="Generating deployment script." date="2025-08-30T08:19:59.296" /><!-- duration: 0ms -->
        <step title="Generating deployment script" date="2025-08-30T08:19:59.312" >
          <step title="Using cached version of the deployment script for command: -y --no-dot-deployment -r &quot;C:\local\Temp\zipdeploy\extracted&quot; -o &quot;C:\home\site\deployments\tools&quot; --basic --sitePath &quot;C:\local\Temp\zipdeploy\extracted&quot;" date="2025-08-30T08:19:59.457" /><!-- duration: 11ms -->
          <step title="Using cached version of deployment script (command: &apos;azure -y --no-dot-deployment -r &quot;C:\local\Temp\zipdeploy\extracted&quot; -o &quot;C:\home\site\deployments\tools&quot; --basic --sitePath &quot;C:\local\Temp\zipdeploy\extracted&quot;&apos;)." date="2025-08-30T08:19:59.468" /><!-- duration: 0ms -->
        </step><!-- duration: 172ms -->
        <step title="Running deployment command..." date="2025-08-30T08:19:59.546" /><!-- duration: 16ms -->
        <step title="Command: &quot;C:\home\site\deployments\tools\deploy.cmd&quot;" date="2025-08-30T08:19:59.593" /><!-- duration: 0ms -->
        <step title="Executing external process" date="2025-08-30T08:19:59.641" type="process" path="starter.cmd" arguments="&quot;C:\home\site\deployments\tools\deploy.cmd&quot;" >
          <step title="Handling Basic Web Site deployment." date="2025-08-30T08:20:00.460" /><!-- duration: 10ms -->
          <step title="Creating app_offline.htm" date="2025-08-30T08:20:06.193" /><!-- duration: 17ms -->
          <step title="KuduSync.NET from: &apos;C:\local\Temp\zipdeploy\extracted&apos; to: &apos;C:\home\site\wwwroot&apos;" date="2025-08-30T08:20:06.319" /><!-- duration: 233ms -->
          <step title="Copying file: &apos;azure-deploy.json&apos;" date="2025-08-30T08:20:06.600" /><!-- duration: 20ms -->
          <step title="Copying file: &apos;package-lock.json&apos;" date="2025-08-30T08:20:06.630" /><!-- duration: 31ms -->
          <step title="Copying file: &apos;package.json&apos;" date="2025-08-30T08:20:06.821" /><!-- duration: 90ms -->
          <step title="Copying file: &apos;psctech-backend.deps.json&apos;" date="2025-08-30T08:20:07.083" /><!-- duration: 20ms -->
          <step title="Copying file: &apos;psctech-backend.dll&apos;" date="2025-08-30T08:20:07.177" /><!-- duration: 16ms -->
          <step title="Copying file: &apos;psctech-backend.exe&apos;" date="2025-08-30T08:20:07.334" /><!-- duration: 30ms -->
          <step title="Copying file: &apos;psctech-backend.pdb&apos;" date="2025-08-30T08:20:07.495" /><!-- duration: 0ms -->
          <step title="Copying file: &apos;psctech-backend.runtimeconfig.json&apos;" date="2025-08-30T08:20:07.505" /><!-- duration: 0ms -->
          <step title="Copying file: &apos;publish-clean.zip&apos;" date="2025-08-30T08:20:07.521" /><!-- duration: 16ms -->
          <step title="Copying file: &apos;publish-fixed.zip&apos;" date="2025-08-30T08:20:07.555" /><!-- duration: 12ms -->
          <step title="Copying file: &apos;site.zip&apos;" date="2025-08-30T08:20:07.599" /><!-- duration: 17ms -->
          <step title="Copying file: &apos;firebase\service-account.json&apos;" date="2025-08-30T08:20:07.666" /><!-- duration: 11ms -->
          <step title="Copying file: &apos;out\appsettings.json&apos;" date="2025-08-30T08:20:08.148" /><!-- duration: 60ms -->
          <step title="Copying file: &apos;out\appsettings.Production.json&apos;" date="2025-08-30T08:20:08.288" /><!-- duration: 80ms -->
          <step title="Copying file: &apos;out\azure-deploy.json&apos;" date="2025-08-30T08:20:08.490" /><!-- duration: 131ms -->
          <step title="Copying file: &apos;out\package-lock.json&apos;" date="2025-08-30T08:20:08.833" /><!-- duration: 18ms -->
          <step title="Copying file: &apos;out\package.json&apos;" date="2025-08-30T08:20:08.864" /><!-- duration: 67ms -->
          <step title="Copying file: &apos;out\psctech-backend.deps.json&apos;" date="2025-08-30T08:20:08.992" /><!-- duration: 13ms -->
          <step title="Copying file: &apos;out\psctech-backend.runtimeconfig.json&apos;" date="2025-08-30T08:20:09.052" /><!-- duration: 50ms -->
          <step title="Copying file: &apos;out\psctech-backend.staticwebassets.endpoints.json&apos;" date="2025-08-30T08:20:09.177" /><!-- duration: 37ms -->
          <step title="Copying file: &apos;out\firebase\service-account.json&apos;" date="2025-08-30T08:20:09.224" /><!-- duration: 31ms -->
          <step title="Copying file: &apos;out\out\appsettings.json&apos;" date="2025-08-30T08:20:09.286" /><!-- duration: 18ms -->
          <step title="Copying file: &apos;out\out\appsettings.Production.json&apos;" date="2025-08-30T08:20:09.445" /><!-- duration: 13ms -->
          <step title="Copying file: &apos;out\out\azure-deploy.json&apos;" date="2025-08-30T08:20:09.489" /><!-- duration: 16ms -->
          <step title="Copying file: &apos;out\out\package-lock.json&apos;" date="2025-08-30T08:20:09.536" /><!-- duration: 19ms -->
          <step title="Copying file: &apos;out\out\package.json&apos;" date="2025-08-30T08:20:09.586" /><!-- duration: 30ms -->
          <step title="Copying file: &apos;out\out\psctech-backend.deps.json&apos;" date="2025-08-30T08:20:09.630" /><!-- duration: 36ms -->
          <step title="Copying file: &apos;out\out\psctech-backend.runtimeconfig.json&apos;" date="2025-08-30T08:20:09.677" /><!-- duration: 16ms -->
          <step title="Copying file: &apos;out\out\psctech-backend.staticwebassets.endpoints.json&apos;" date="2025-08-30T08:20:09.739" /><!-- duration: 0ms -->
          <step title="Copying file: &apos;out\out\firebase\service-account.json&apos;" date="2025-08-30T08:20:09.771" /><!-- duration: 16ms -->
          <step title="Copying file: &apos;out\out\out\psctech-backend.deps.json&apos;" date="2025-08-30T08:20:09.818" /><!-- duration: 49ms -->
          <step title="Copying file: &apos;out\out\out\psctech-backend.runtimeconfig.json&apos;" date="2025-08-30T08:20:09.880" /><!-- duration: 0ms -->
          <step title="Copying file: &apos;out\out\out\psctech-backend.staticwebassets.endpoints.json&apos;" date="2025-08-30T08:20:10.039" /><!-- duration: 0ms -->
          <step title="Copying file: &apos;web.config&apos;" date="2025-08-30T08:20:10.069" /><!-- duration: 62ms -->
          <step title="Copying file: &apos;out\web.config&apos;" date="2025-08-30T08:20:10.179" /><!-- duration: 50ms -->
          <step title="Copying file: &apos;out\out\web.config&apos;" date="2025-08-30T08:20:10.271" /><!-- duration: 19ms -->
          <step title="Copying file: &apos;out\out\out\web.config&apos;" date="2025-08-30T08:20:10.354" /><!-- duration: 10ms -->
          <step title="Deleting app_offline.htm" date="2025-08-30T08:20:10.396" /><!-- duration: 0ms -->
          <step title="Finished successfully." date="2025-08-30T08:20:10.427" /><!-- duration: 17ms -->
        </step><!-- duration: 10817ms -->
        <step title="Running post deployment command(s)..." date="2025-08-30T08:20:10.677" /><!-- duration: 19ms -->
        <step title="Triggering recycle (preview mode disabled)." date="2025-08-30T08:20:10.989" /><!-- duration: 18ms -->
        <step title="Ignoring FS watcher based recycle request as this is a classic Windows app." date="2025-08-30T08:20:11.037" /><!-- duration: 50ms -->
        <step title="Deployment successful. DEPLOYMENTINFO: deploymentPath = ZipDeploy. Extract zip. , deployer = ZipDeploy, os = windows, sku = Standard, siteName = psctech, siteHostName = psctech-bcdadbajcrgwa2h5.southafricanorth-01.azurewebsites.net, deploymentStatus = Success" date="2025-08-30T08:20:11.349" /><!-- duration: 20ms -->
      </step><!-- duration: 12475ms -->
    </step><!-- duration: 14552ms -->
    <step title="Cleaning up temp files" date="2025-08-30T08:20:11.710" /><!-- duration: 20ms -->
    <step title="Skip function trigger and logicapp sync because function is not enabled." date="2025-08-30T08:20:11.774" /><!-- duration: 13ms -->
  </step><!-- duration: 22752ms -->
  <step title="LockFile &apos;C:\home\site\locks\deployments.lock&apos; released" date="2025-08-30T08:20:11.833" /><!-- duration: 0ms -->
  <step title="Deleting shutdown sentinel file" date="2025-08-30T08:20:11.849" SemaphoreCount="8" /><!-- duration: 16ms -->
</step><!-- duration: 23062ms -->
