<step title="Incoming Request" date="2025-08-30T15:10:12.487" instance="f0ef07" url="/api/publish?type=zip" method="POST" type="request" pid="7220,2,36" Cache-Control="no-cache" Content-Length="22285379" Content-Type="application/octet-stream" Accept="*/*" Accept-Encoding="gzip, deflate" Authorization="Bea..." Host="psctech-bcdadbajcrgwa2h5.scm.southafricanorth-01.azurewebsites.net" User-Agent="AZURECLI/2.76.0 (MSI)" x-ms-client-request-id="66d9aa70-85b3-11f0-811e-f0d5bf67e011" X-ARR-LOG-ID="66d9aa70-85b3-11f0-811e-f0d5bf67e011" CLIENT-IP="41.121.22.190:25555" X-SITE-DEPLOYMENT-ID="psctech" WAS-DEFAULT-HOSTNAME="psctech-bcdadbajcrgwa2h5.scm.southafricanorth-01.azurewebsites.net" X-Forwarded-Proto="https" X-AppService-Proto="https" X-Forwarded-TlsVersion="1.3" X-WAWS-Unencoded-URL="/api/publish?type=zip" >
  <step title="Cleanup Xml Logs" date="2025-08-30T15:10:12.519" /><!-- duration: 0ms -->
  <step title="OneDeploy" date="2025-08-30T15:10:12.552" >
    <step title="Starting PushDeployAsync" date="2025-08-30T15:10:12.552" /><!-- duration: 0ms -->
    <step title="Updating shutdown sentinel last write time" date="2025-08-30T15:10:12.581" SemaphoreCount="7" /><!-- duration: 0ms -->
    <step title="LockFile &apos;C:\home\site\locks\deployments.lock&apos; acquired" date="2025-08-30T15:10:12.597" /><!-- duration: 0ms -->
    <step title="Saving request content to C:\local\Temp\zipdeploy\guiu2yfk.zip" date="2025-08-30T15:10:12.597" >
      <step title="Total 22,285,379 bytes written to C:\local\Temp\zipdeploy\guiu2yfk.zip" date="2025-08-30T15:10:16.081" /><!-- duration: 0ms -->
    </step><!-- duration: 3484ms -->
    <step title="LockFile &apos;C:\home\site\locks\deployments.lock&apos; released" date="2025-08-30T15:10:16.097" /><!-- duration: 0ms -->
    <step title="Deleting shutdown sentinel file" date="2025-08-30T15:10:16.112" SemaphoreCount="8" /><!-- duration: 0ms -->
    <step title="Starting FetchDeploy" date="2025-08-30T15:10:16.112" /><!-- duration: 0ms -->
    <step title="Attempting to fetch target branch HEAD" date="2025-08-30T15:10:16.128" /><!-- duration: 0ms -->
    <step title="Updating shutdown sentinel last write time" date="2025-08-30T15:10:16.144" SemaphoreCount="7" /><!-- duration: 0ms -->
    <step title="LockFile &apos;C:\home\site\locks\deployments.lock&apos; acquired" date="2025-08-30T15:10:16.159" /><!-- duration: 0ms -->
    <step title="Performing fetch based deployment" date="2025-08-30T15:10:16.175" >
      <step title="Creating temporary deployment" date="2025-08-30T15:10:16.175" /><!-- duration: 31ms -->
      <step title="Fetching changes." date="2025-08-30T15:10:16.287" /><!-- duration: 12ms -->
      <step title="Starting LocalZipHandler" date="2025-08-30T15:10:16.315" /><!-- duration: 0ms -->
      <step title="Starting LocalZipFetch" date="2025-08-30T15:10:16.331" /><!-- duration: 0ms -->
      <step title="Cleaning up temp folders from previous zip deployments and extracting pushed zip file C:\local\Temp\zipdeploy\guiu2yfk.zip (21.25 MB) to C:\local\Temp\zipdeploy\extracted" date="2025-08-30T15:10:16.347" /><!-- duration: 0ms -->
      <step title="Cleaning up temp folders from previous zip deployments and extracting pushed zip file C:\local\Temp\zipdeploy\guiu2yfk.zip (21.25 MB) to C:\local\Temp\zipdeploy\extracted" date="2025-08-30T15:10:16.362" >
        <step title="Renaming extractTargetDirectory(C:\local\Temp\zipdeploy\extracted) to tempDirectory(C:\local\Temp\zipdeploy\t0yvtkeh.qze)" date="2025-08-30T15:10:16.362" /><!-- duration: 0ms -->
        <step title="Extracting 262 entries to C:\local\Temp\zipdeploy\extracted directory" date="2025-08-30T15:10:16.378" >
          <step title="Extracting to C:\local\Temp\zipdeploy\extracted\af\Humanizer.resources.dll ..." date="2025-08-30T15:10:16.581" /><!-- duration: 19ms -->
          <step title="Extracting to C:\local\Temp\zipdeploy\extracted\ar\Humanizer.resources.dll ..." date="2025-08-30T15:10:16.612" /><!-- duration: 31ms -->
          <step title="Extracting to C:\local\Temp\zipdeploy\extracted\az\Humanizer.resources.dll ..." date="2025-08-30T15:10:16.661" /><!-- duration: 20ms -->
          <step title="Extracting to C:\local\Temp\zipdeploy\extracted\bg\Humanizer.resources.dll ..." date="2025-08-30T15:10:16.691" /><!-- duration: 111ms -->
          <step title="Extracting to C:\local\Temp\zipdeploy\extracted\bn-BD\Humanizer.resources.dll ..." date="2025-08-30T15:10:16.821" /><!-- duration: 10ms -->
          <step title="Omitting extracting file traces ..." date="2025-08-30T15:10:16.831" /><!-- duration: 0ms -->
        </step><!-- duration: 3719ms -->
      </step><!-- duration: 3802ms -->
      <step title="None repository commit" date="2025-08-30T15:10:20.175" >
        <step title="Commit id: 86e4db2d88ca4faa858c59834181f767" date="2025-08-30T15:10:20.175" Message="OneDeploy" AuthorName="N/A" AuthorEmail="N/A" /><!-- duration: 16ms -->
      </step><!-- duration: 16ms -->
      <step title="Before sending BuildRequestReceived status to /api/updatedeploystatus" date="2025-08-30T15:10:20.206" /><!-- duration: 18ms -->
      <step title="DeploymentManager.Deploy(id:86e4db2d88ca4faa858c59834181f767)" date="2025-08-30T15:10:20.224" >
        <step title="Collecting changeset information" date="2025-08-30T15:10:20.237" /><!-- duration: 67ms -->
        <step title="Updating submodules" date="2025-08-30T15:10:20.316" >
          <step title="Updating submodules." date="2025-08-30T15:10:20.378" /><!-- duration: 17ms -->
        </step><!-- duration: 80ms -->
        <step title="Preparing deployment for commit id &apos;86e4db2d88&apos;." date="2025-08-30T15:10:20.474" /><!-- duration: 0ms -->
        <step title="Determining deployment builder" date="2025-08-30T15:10:20.566" >
          <step title="Builder is OneDeployBuilder" date="2025-08-30T15:10:20.581" /><!-- duration: 0ms -->
        </step><!-- duration: 31ms -->
        <step title="Copying SSH keys" date="2025-08-30T15:10:20.612" /><!-- duration: 19ms -->
        <step title="Building" date="2025-08-30T15:10:20.632" >
          <step title="Running build. Project type: OneDeploy" date="2025-08-30T15:10:20.692" /><!-- duration: 0ms -->
          <step title="Copying the manifest" date="2025-08-30T15:10:20.753" /><!-- duration: 31ms -->
          <step title="Clean deploying to C:\home\site\wwwroot" date="2025-08-30T15:10:20.878" /><!-- duration: 0ms -->
          <step title="Generating deployment script." date="2025-08-30T15:10:20.987" /><!-- duration: 0ms -->
          <step title="Generating deployment script" date="2025-08-30T15:10:21.003" >
            <step title="Using cached version of the deployment script for command: -y --no-dot-deployment -r &quot;C:\local\Temp\zipdeploy\extracted&quot; -o &quot;C:\home\site\deployments\tools&quot; --basic --sitePath &quot;C:\local\Temp\zipdeploy\extracted&quot;" date="2025-08-30T15:10:21.051" /><!-- duration: 61ms -->
            <step title="Using cached version of deployment script (command: &apos;azure -y --no-dot-deployment -r &quot;C:\local\Temp\zipdeploy\extracted&quot; -o &quot;C:\home\site\deployments\tools&quot; --basic --sitePath &quot;C:\local\Temp\zipdeploy\extracted&quot;&apos;)." date="2025-08-30T15:10:21.144" /><!-- duration: 0ms -->
          </step><!-- duration: 156ms -->
          <step title="Running deployment command..." date="2025-08-30T15:10:21.222" /><!-- duration: 0ms -->
          <step title="Command: &quot;C:\home\site\deployments\tools\deploy.cmd&quot;" date="2025-08-30T15:10:21.237" /><!-- duration: 16ms -->
          <step title="Executing external process" date="2025-08-30T15:10:21.269" type="process" path="starter.cmd" arguments="&quot;C:\home\site\deployments\tools\deploy.cmd&quot;" >
            <step title="Handling Basic Web Site deployment." date="2025-08-30T15:10:21.895" /><!-- duration: 15ms -->
            <step title="Creating app_offline.htm" date="2025-08-30T15:10:27.512" /><!-- duration: 19ms -->
            <step title="KuduSync.NET from: &apos;C:\local\Temp\zipdeploy\extracted&apos; to: &apos;C:\home\site\wwwroot&apos;" date="2025-08-30T15:10:27.715" /><!-- duration: 20ms -->
            <step title="Copying file: &apos;appsettings.json&apos;" date="2025-08-30T15:10:27.795" /><!-- duration: 30ms -->
            <step title="Copying file: &apos;psctech-backend.dll&apos;" date="2025-08-30T15:10:27.887" /><!-- duration: 0ms -->
            <step title="Copying file: &apos;psctech-backend.exe&apos;" date="2025-08-30T15:10:27.903" /><!-- duration: 0ms -->
            <step title="Copying file: &apos;psctech-backend.pdb&apos;" date="2025-08-30T15:10:27.918" /><!-- duration: 0ms -->
            <step title="Copying file: &apos;publish\appsettings.json&apos;" date="2025-08-30T15:10:27.950" /><!-- duration: 0ms -->
            <step title="Copying file: &apos;publish\appsettings.Production.json&apos;" date="2025-08-30T15:10:27.965" /><!-- duration: 0ms -->
            <step title="Copying file: &apos;publish\azure-deploy.json&apos;" date="2025-08-30T15:10:27.981" /><!-- duration: 16ms -->
            <step title="Copying file: &apos;publish\psctech-backend.deps.json&apos;" date="2025-08-30T15:10:27.996" /><!-- duration: 16ms -->
            <step title="Copying file: &apos;publish\psctech-backend.runtimeconfig.json&apos;" date="2025-08-30T15:10:28.028" /><!-- duration: 0ms -->
            <step title="Copying file: &apos;publish\psctech-backend.staticwebassets.endpoints.json&apos;" date="2025-08-30T15:10:28.043" /><!-- duration: 16ms -->
            <step title="Copying file: &apos;publish\web.config&apos;" date="2025-08-30T15:10:28.095" /><!-- duration: 10ms -->
            <step title="Deleting app_offline.htm" date="2025-08-30T15:10:28.137" /><!-- duration: 0ms -->
            <step title="Finished successfully." date="2025-08-30T15:10:28.153" /><!-- duration: 16ms -->
          </step><!-- duration: 6900ms -->
          <step title="Build completed succesfully." date="2025-08-30T15:10:28.246" /><!-- duration: 0ms -->
          <step title="Running post deployment command(s)..." date="2025-08-30T15:10:28.403" /><!-- duration: 18ms -->
          <step title="Requesting site restart" date="2025-08-30T15:10:28.528" /><!-- duration: 16ms -->
          <step title="Requesting site restart" date="2025-08-30T15:10:28.543" /><!-- duration: 16ms -->
          <step title="Requesting site restart. Attempt #1" date="2025-08-30T15:10:28.621" /><!-- duration: 0ms -->
          <step title="Requesting site restart. Attempt #1" date="2025-08-30T15:10:28.637" /><!-- duration: 16ms -->
          <step title="Successfully requested a restart. Attempt #1" date="2025-08-30T15:10:28.996" /><!-- duration: 0ms -->
          <step title="Successfully requested a restart. Attempt #1" date="2025-08-30T15:10:29.012" /><!-- duration: 0ms -->
          <step title="Deployment successful. DEPLOYMENTINFO: deploymentPath = OneDeploy, deployer = OneDeploy, os = windows, sku = Standard, siteName = psctech, siteHostName = psctech-bcdadbajcrgwa2h5.southafricanorth-01.azurewebsites.net, deploymentStatus = Success" date="2025-08-30T15:10:29.107" /><!-- duration: 15ms -->
          <step title="Purge deployment items" date="2025-08-30T15:10:29.309" >
            <step title="Remove 098f02f52, Success, received at 8/30/2025 3:11:32 AM" date="2025-08-30T15:10:29.403" /><!-- duration: 0ms -->
          </step><!-- duration: 109ms -->
        </step><!-- duration: 8818ms -->
      </step><!-- duration: 9226ms -->
      <step title="Cleaning up temp files" date="2025-08-30T15:10:29.450" /><!-- duration: 16ms -->
      <step title="Skip function trigger and logicapp sync because function is not enabled." date="2025-08-30T15:10:29.465" /><!-- duration: 16ms -->
    </step><!-- duration: 13368ms -->
    <step title="LockFile &apos;C:\home\site\locks\deployments.lock&apos; released" date="2025-08-30T15:10:29.559" /><!-- duration: 0ms -->
    <step title="Deleting shutdown sentinel file" date="2025-08-30T15:10:29.559" SemaphoreCount="8" /><!-- duration: 16ms -->
  </step><!-- duration: 17038ms -->
  <step title="Outgoing response" date="2025-08-30T15:10:30.397" type="response" statusCode="200" statusText="OK" Server="Microsoft-IIS/10.0" x-ms-request-id="66d9aa70-85b3-11f0-811e-f0d5bf67e011" Cache-Control="private" X-AspNet-Version="4.0.30319" /><!-- duration: 0ms -->
</step><!-- duration: 17909ms -->
