<step title="BackgroundTrace" date="2025-08-30T02:44:56.981" instance="f0ef07" url="/api/zipdeploy" method="POST" >
  <step title="Updating shutdown sentinel last write time" date="2025-08-30T02:44:56.997" SemaphoreCount="7" /><!-- duration: 16ms -->
  <step title="LockFile &apos;C:\home\site\locks\deployments.lock&apos; acquired" date="2025-08-30T02:44:57.012" /><!-- duration: 0ms -->
  <step title="Creating temporary deployment" date="2025-08-30T02:44:57.028" /><!-- duration: 47ms -->
  <step title="Performing fetch based deployment" date="2025-08-30T02:44:57.106" >
    <step title="Fetching changes." date="2025-08-30T02:44:57.216" /><!-- duration: 16ms -->
    <step title="Starting LocalZipHandler" date="2025-08-30T02:44:57.262" /><!-- duration: 0ms -->
    <step title="Cleaning up temp folders from previous zip deployments and extracting pushed zip file C:\local\Temp\zipdeploy\2n13qucs.zip (20.86 MB) to C:\local\Temp\zipdeploy\extracted" date="2025-08-30T02:44:57.325" /><!-- duration: 0ms -->
    <step title="Cleaning up temp folders from previous zip deployments and extracting pushed zip file C:\local\Temp\zipdeploy\2n13qucs.zip (20.86 MB) to C:\local\Temp\zipdeploy\extracted" date="2025-08-30T02:44:57.325" >
      <step title="Renaming extractTargetDirectory(C:\local\Temp\zipdeploy\extracted) to tempDirectory(C:\local\Temp\zipdeploy\o3zn5cyu.zch)" date="2025-08-30T02:44:57.325" /><!-- duration: 16ms -->
      <step title="Extracting 270 entries to C:\local\Temp\zipdeploy\extracted directory" date="2025-08-30T02:44:57.405" >
        <step title="Extracting to C:\local\Temp\zipdeploy\extracted\af\Humanizer.resources.dll ..." date="2025-08-30T02:44:57.797" /><!-- duration: 331ms -->
        <step title="Extracting to C:\local\Temp\zipdeploy\extracted\api\auth.js ..." date="2025-08-30T02:44:58.138" /><!-- duration: 0ms -->
        <step title="Extracting to C:\local\Temp\zipdeploy\extracted\api\competitions.js ..." date="2025-08-30T02:44:58.153" /><!-- duration: 0ms -->
        <step title="Extracting to C:\local\Temp\zipdeploy\extracted\api\index.js ..." date="2025-08-30T02:44:58.169" /><!-- duration: 0ms -->
        <step title="Extracting to C:\local\Temp\zipdeploy\extracted\api\institutions.js ..." date="2025-08-30T02:44:58.184" /><!-- duration: 0ms -->
        <step title="Omitting extracting file traces ..." date="2025-08-30T02:44:58.184" /><!-- duration: 16ms -->
      </step><!-- duration: 4704ms -->
    </step><!-- duration: 4813ms -->
    <step title="Before sending BuildRequestReceived status to /api/updatedeploystatus" date="2025-08-30T02:45:02.156" /><!-- duration: 12ms -->
    <step title="DeploymentManager.Deploy(id:7c8952af0fdd4b90a359dd46d77629d1)" date="2025-08-30T02:45:02.184" >
      <step title="Collecting changeset information" date="2025-08-30T02:45:02.218" /><!-- duration: 185ms -->
      <step title="Updating submodules" date="2025-08-30T02:45:02.421" >
        <step title="Updating submodules." date="2025-08-30T02:45:02.581" /><!-- duration: 10ms -->
      </step><!-- duration: 190ms -->
      <step title="Preparing deployment for commit id &apos;7c8952af0f&apos;." date="2025-08-30T02:45:02.794" /><!-- duration: 16ms -->
      <step title="Determining deployment builder" date="2025-08-30T02:45:02.950" >
        <step title="Builder is BasicBuilder" date="2025-08-30T02:45:02.970" /><!-- duration: 11ms -->
      </step><!-- duration: 50ms -->
      <step title="Copying SSH keys" date="2025-08-30T02:45:03.061" /><!-- duration: 30ms -->
      <step title="Building" date="2025-08-30T02:45:03.111" >
        <step title="Generating deployment script." date="2025-08-30T02:45:03.251" /><!-- duration: 11ms -->
        <step title="Generating deployment script" date="2025-08-30T02:45:03.281" >
          <step title="Using cached version of the deployment script for command: -y --no-dot-deployment -r &quot;C:\local\Temp\zipdeploy\extracted&quot; -o &quot;C:\home\site\deployments\tools&quot; --basic --sitePath &quot;C:\local\Temp\zipdeploy\extracted&quot;" date="2025-08-30T02:45:03.470" /><!-- duration: 11ms -->
          <step title="Using cached version of deployment script (command: &apos;azure -y --no-dot-deployment -r &quot;C:\local\Temp\zipdeploy\extracted&quot; -o &quot;C:\home\site\deployments\tools&quot; --basic --sitePath &quot;C:\local\Temp\zipdeploy\extracted&quot;&apos;)." date="2025-08-30T02:45:03.513" /><!-- duration: 31ms -->
        </step><!-- duration: 279ms -->
        <step title="Running deployment command..." date="2025-08-30T02:45:03.706" /><!-- duration: 10ms -->
        <step title="Command: &quot;C:\home\site\deployments\tools\deploy.cmd&quot;" date="2025-08-30T02:45:03.747" /><!-- duration: 31ms -->
        <step title="Executing external process" date="2025-08-30T02:45:03.809" type="process" path="starter.cmd" arguments="&quot;C:\home\site\deployments\tools\deploy.cmd&quot;" >
          <step title="Handling Basic Web Site deployment." date="2025-08-30T02:45:05.141" /><!-- duration: 12ms -->
          <step title="Creating app_offline.htm" date="2025-08-30T02:45:06.310" /><!-- duration: 0ms -->
          <step title="KuduSync.NET from: &apos;C:\local\Temp\zipdeploy\extracted&apos; to: &apos;C:\home\site\wwwroot&apos;" date="2025-08-30T02:45:06.341" /><!-- duration: 20ms -->
          <step title="Deleting file: &apos;aspnetcorev2_inprocess.dll&apos;" date="2025-08-30T02:45:06.391" /><!-- duration: 12ms -->
          <step title="Deleting file: &apos;clretwrc.dll&apos;" date="2025-08-30T02:45:06.421" /><!-- duration: 14ms -->
          <step title="Deleting file: &apos;clrgc.dll&apos;" date="2025-08-30T02:45:06.471" /><!-- duration: 0ms -->
          <step title="Deleting file: &apos;clrjit.dll&apos;" date="2025-08-30T02:45:06.501" /><!-- duration: 11ms -->
          <step title="Deleting file: &apos;coreclr.dll&apos;" date="2025-08-30T02:45:06.531" /><!-- duration: 12ms -->
          <step title="Deleting file: &apos;createdump.exe&apos;" date="2025-08-30T02:45:06.562" /><!-- duration: 14ms -->
          <step title="Deleting file: &apos;hostfxr.dll&apos;" date="2025-08-30T02:45:06.592" /><!-- duration: 20ms -->
          <step title="Deleting file: &apos;hostpolicy.dll&apos;" date="2025-08-30T02:45:06.641" /><!-- duration: 12ms -->
          <step title="Deleting file: &apos;Microsoft.AspNetCore.Antiforgery.dll&apos;" date="2025-08-30T02:45:06.671" /><!-- duration: 13ms -->
          <step title="Deleting file: &apos;Microsoft.AspNetCore.Authentication.Abstractions.dll&apos;" date="2025-08-30T02:45:06.702" /><!-- duration: 30ms -->
          <step title="Deleting file: &apos;Microsoft.AspNetCore.Authentication.BearerToken.dll&apos;" date="2025-08-30T02:45:06.747" /><!-- duration: 16ms -->
          <step title="Deleting file: &apos;Microsoft.AspNetCore.Authentication.Cookies.dll&apos;" date="2025-08-30T02:45:06.782" /><!-- duration: 12ms -->
          <step title="Deleting file: &apos;Microsoft.AspNetCore.Authentication.Core.dll&apos;" date="2025-08-30T02:45:06.842" /><!-- duration: 20ms -->
          <step title="Deleting file: &apos;Microsoft.AspNetCore.Authentication.dll&apos;" date="2025-08-30T02:45:06.892" /><!-- duration: 12ms -->
          <step title="Deleting file: &apos;Microsoft.AspNetCore.Authentication.OAuth.dll&apos;" date="2025-08-30T02:45:06.922" /><!-- duration: 13ms -->
          <step title="Deleting file: &apos;Microsoft.AspNetCore.Authorization.dll&apos;" date="2025-08-30T02:45:06.972" /><!-- duration: 10ms -->
          <step title="Deleting file: &apos;Microsoft.AspNetCore.Authorization.Policy.dll&apos;" date="2025-08-30T02:45:07.013" /><!-- duration: 20ms -->
          <step title="Deleting file: &apos;Microsoft.AspNetCore.Components.Authorization.dll&apos;" date="2025-08-30T02:45:07.044" /><!-- duration: 19ms -->
          <step title="Deleting file: &apos;Microsoft.AspNetCore.Components.dll&apos;" date="2025-08-30T02:45:07.173" /><!-- duration: 11ms -->
          <step title="Deleting file: &apos;Microsoft.AspNetCore.Components.Endpoints.dll&apos;" date="2025-08-30T02:45:07.216" /><!-- duration: 18ms -->
          <step title="Deleting file: &apos;Microsoft.AspNetCore.Components.Forms.dll&apos;" date="2025-08-30T02:45:07.247" /><!-- duration: 32ms -->
          <step title="Deleting file: &apos;Microsoft.AspNetCore.Components.Server.dll&apos;" date="2025-08-30T02:45:07.314" /><!-- duration: 60ms -->
          <step title="Deleting file: &apos;Microsoft.AspNetCore.Components.Web.dll&apos;" date="2025-08-30T02:45:07.434" /><!-- duration: 31ms -->
          <step title="Deleting file: &apos;Microsoft.AspNetCore.Connections.Abstractions.dll&apos;" date="2025-08-30T02:45:07.497" /><!-- duration: 78ms -->
          <step title="Deleting file: &apos;Microsoft.AspNetCore.CookiePolicy.dll&apos;" date="2025-08-30T02:45:07.595" /><!-- duration: 12ms -->
          <step title="Deleting file: &apos;Microsoft.AspNetCore.Cors.dll&apos;" date="2025-08-30T02:45:07.684" /><!-- duration: 0ms -->
          <step title="Deleting file: &apos;Microsoft.AspNetCore.Cryptography.Internal.dll&apos;" date="2025-08-30T02:45:07.733" /><!-- duration: 20ms -->
          <step title="Deleting file: &apos;Microsoft.AspNetCore.Cryptography.KeyDerivation.dll&apos;" date="2025-08-30T02:45:07.763" /><!-- duration: 20ms -->
          <step title="Deleting file: &apos;Microsoft.AspNetCore.DataProtection.Abstractions.dll&apos;" date="2025-08-30T02:45:07.813" /><!-- duration: 43ms -->
          <step title="Deleting file: &apos;Microsoft.AspNetCore.DataProtection.dll&apos;" date="2025-08-30T02:45:07.872" /><!-- duration: 20ms -->
          <step title="Deleting file: &apos;Microsoft.AspNetCore.DataProtection.Extensions.dll&apos;" date="2025-08-30T02:45:07.924" /><!-- duration: 11ms -->
          <step title="Deleting file: &apos;Microsoft.AspNetCore.Diagnostics.Abstractions.dll&apos;" date="2025-08-30T02:45:07.950" /><!-- duration: 16ms -->
          <step title="Deleting file: &apos;Microsoft.AspNetCore.Diagnostics.dll&apos;" date="2025-08-30T02:45:08.003" /><!-- duration: 10ms -->
          <step title="Deleting file: &apos;Microsoft.AspNetCore.Diagnostics.HealthChecks.dll&apos;" date="2025-08-30T02:45:08.033" /><!-- duration: 10ms -->
          <step title="Deleting file: &apos;Microsoft.AspNetCore.dll&apos;" date="2025-08-30T02:45:08.075" /><!-- duration: 19ms -->
          <step title="Deleting file: &apos;Microsoft.AspNetCore.HostFiltering.dll&apos;" date="2025-08-30T02:45:08.122" /><!-- duration: 18ms -->
          <step title="Deleting file: &apos;Microsoft.AspNetCore.Hosting.Abstractions.dll&apos;" date="2025-08-30T02:45:08.153" /><!-- duration: 47ms -->
          <step title="Deleting file: &apos;Microsoft.AspNetCore.Hosting.dll&apos;" date="2025-08-30T02:45:08.263" /><!-- duration: 0ms -->
          <step title="Deleting file: &apos;Microsoft.AspNetCore.Hosting.Server.Abstractions.dll&apos;" date="2025-08-30T02:45:08.331" /><!-- duration: 10ms -->
          <step title="Deleting file: &apos;Microsoft.AspNetCore.Html.Abstractions.dll&apos;" date="2025-08-30T02:45:08.372" /><!-- duration: 0ms -->
          <step title="Deleting file: &apos;Microsoft.AspNetCore.Http.Abstractions.dll&apos;" date="2025-08-30T02:45:08.435" /><!-- duration: 17ms -->
          <step title="Deleting file: &apos;Microsoft.AspNetCore.Http.Connections.Common.dll&apos;" date="2025-08-30T02:45:08.472" /><!-- duration: 10ms -->
          <step title="Deleting file: &apos;Microsoft.AspNetCore.Http.Connections.dll&apos;" date="2025-08-30T02:45:08.502" /><!-- duration: 11ms -->
          <step title="Deleting file: &apos;Microsoft.AspNetCore.Http.dll&apos;" date="2025-08-30T02:45:08.532" /><!-- duration: 12ms -->
          <step title="Deleting file: &apos;Microsoft.AspNetCore.Http.Extensions.dll&apos;" date="2025-08-30T02:45:08.562" /><!-- duration: 13ms -->
          <step title="Deleting file: &apos;Microsoft.AspNetCore.Http.Features.dll&apos;" date="2025-08-30T02:45:08.612" /><!-- duration: 10ms -->
          <step title="Deleting file: &apos;Microsoft.AspNetCore.Http.Results.dll&apos;" date="2025-08-30T02:45:08.653" /><!-- duration: 19ms -->
          <step title="Deleting file: &apos;Microsoft.AspNetCore.HttpLogging.dll&apos;" date="2025-08-30T02:45:08.685" /><!-- duration: 18ms -->
          <step title="Omitting next output lines..." date="2025-08-30T02:45:08.716" /><!-- duration: 16ms -->
          <step title="Finished successfully." date="2025-08-30T02:45:12.865" /><!-- duration: 16ms -->
        </step><!-- duration: 9072ms -->
        <step title="Running post deployment command(s)..." date="2025-08-30T02:45:12.945" /><!-- duration: 15ms -->
        <step title="Triggering recycle (preview mode disabled)." date="2025-08-30T02:45:13.069" /><!-- duration: 17ms -->
        <step title="Ignoring FS watcher based recycle request as this is a classic Windows app." date="2025-08-30T02:45:13.105" /><!-- duration: 10ms -->
        <step title="Deployment successful. DEPLOYMENTINFO: deploymentPath = ZipDeploy. Extract zip. , deployer = ZipDeploy, os = windows, sku = Standard, siteName = psctech, siteHostName = psctech-bcdadbajcrgwa2h5.southafricanorth-01.azurewebsites.net, deploymentStatus = Success" date="2025-08-30T02:45:13.209" /><!-- duration: 0ms -->
      </step><!-- duration: 10208ms -->
    </step><!-- duration: 11167ms -->
    <step title="Cleaning up temp files" date="2025-08-30T02:45:13.351" /><!-- duration: 18ms -->
    <step title="Skip function trigger and logicapp sync because function is not enabled." date="2025-08-30T02:45:13.381" /><!-- duration: 0ms -->
  </step><!-- duration: 16306ms -->
  <step title="LockFile &apos;C:\home\site\locks\deployments.lock&apos; released" date="2025-08-30T02:45:13.412" /><!-- duration: 16ms -->
  <step title="Deleting shutdown sentinel file" date="2025-08-30T02:45:13.447" SemaphoreCount="8" /><!-- duration: 0ms -->
</step><!-- duration: 16482ms -->
