<step title="Incoming Request" date="2025-08-30T17:58:46.418" instance="f0ef07" url="/api/publish?type=zip" method="POST" type="request" pid="7220,2,50" Cache-Control="no-cache" Content-Length="22270912" Content-Type="application/octet-stream" Accept="*/*" Accept-Encoding="gzip, deflate" Authorization="Bea..." Host="psctech-bcdadbajcrgwa2h5.scm.southafricanorth-01.azurewebsites.net" User-Agent="AZURECLI/2.76.0 (MSI)" x-ms-client-request-id="eb711cc3-85ca-11f0-8866-f0d5bf67e011" X-ARR-LOG-ID="eb711cc3-85ca-11f0-8866-f0d5bf67e011" CLIENT-IP="41.121.22.190:30286" X-SITE-DEPLOYMENT-ID="psctech" WAS-DEFAULT-HOSTNAME="psctech-bcdadbajcrgwa2h5.scm.southafricanorth-01.azurewebsites.net" X-Forwarded-Proto="https" X-AppService-Proto="https" X-Forwarded-TlsVersion="1.3" X-WAWS-Unencoded-URL="/api/publish?type=zip" >
  <step title="Cleanup Xml Logs" date="2025-08-30T17:58:46.418" /><!-- duration: 13ms -->
  <step title="OneDeploy" date="2025-08-30T17:58:46.556" >
    <step title="Starting PushDeployAsync" date="2025-08-30T17:58:46.573" /><!-- duration: 0ms -->
    <step title="Updating shutdown sentinel last write time" date="2025-08-30T17:58:46.712" SemaphoreCount="7" /><!-- duration: 16ms -->
    <step title="LockFile &apos;C:\home\site\locks\deployments.lock&apos; acquired" date="2025-08-30T17:58:46.743" /><!-- duration: 16ms -->
    <step title="Saving request content to C:\local\Temp\zipdeploy\relo15hr.zip" date="2025-08-30T17:58:46.759" >
      <step title="Total 22,270,912 bytes written to C:\local\Temp\zipdeploy\relo15hr.zip" date="2025-08-30T17:58:52.176" /><!-- duration: 0ms -->
    </step><!-- duration: 5433ms -->
    <step title="LockFile &apos;C:\home\site\locks\deployments.lock&apos; released" date="2025-08-30T17:58:52.208" /><!-- duration: 0ms -->
    <step title="Deleting shutdown sentinel file" date="2025-08-30T17:58:52.208" SemaphoreCount="8" /><!-- duration: 16ms -->
    <step title="Starting FetchDeploy" date="2025-08-30T17:58:52.223" /><!-- duration: 0ms -->
    <step title="Attempting to fetch target branch HEAD" date="2025-08-30T17:58:52.239" /><!-- duration: 0ms -->
    <step title="Updating shutdown sentinel last write time" date="2025-08-30T17:58:52.286" SemaphoreCount="7" /><!-- duration: 0ms -->
    <step title="LockFile &apos;C:\home\site\locks\deployments.lock&apos; acquired" date="2025-08-30T17:58:52.301" /><!-- duration: 0ms -->
    <step title="Performing fetch based deployment" date="2025-08-30T17:58:52.317" >
      <step title="Creating temporary deployment" date="2025-08-30T17:58:52.317" /><!-- duration: 63ms -->
      <step title="Fetching changes." date="2025-08-30T17:58:52.508" /><!-- duration: 12ms -->
      <step title="Starting LocalZipHandler" date="2025-08-30T17:58:52.520" /><!-- duration: 16ms -->
      <step title="Starting LocalZipFetch" date="2025-08-30T17:58:52.536" /><!-- duration: 0ms -->
      <step title="Cleaning up temp folders from previous zip deployments and extracting pushed zip file C:\local\Temp\zipdeploy\relo15hr.zip (21.24 MB) to C:\local\Temp\zipdeploy\extracted" date="2025-08-30T17:58:52.551" /><!-- duration: 16ms -->
      <step title="Cleaning up temp folders from previous zip deployments and extracting pushed zip file C:\local\Temp\zipdeploy\relo15hr.zip (21.24 MB) to C:\local\Temp\zipdeploy\extracted" date="2025-08-30T17:58:52.567" >
        <step title="Renaming extractTargetDirectory(C:\local\Temp\zipdeploy\extracted) to tempDirectory(C:\local\Temp\zipdeploy\cet4yp4i.kss)" date="2025-08-30T17:58:52.598" /><!-- duration: 17ms -->
        <step title="Extracting 256 entries to C:\local\Temp\zipdeploy\extracted directory" date="2025-08-30T17:58:52.724" >
          <step title="Extracting to C:\local\Temp\zipdeploy\extracted\af\Humanizer.resources.dll ..." date="2025-08-30T17:58:52.745" /><!-- duration: 28ms -->
          <step title="Extracting to C:\local\Temp\zipdeploy\extracted\ar\Humanizer.resources.dll ..." date="2025-08-30T17:58:52.883" /><!-- duration: 170ms -->
          <step title="Extracting to C:\local\Temp\zipdeploy\extracted\az\Humanizer.resources.dll ..." date="2025-08-30T17:58:53.084" /><!-- duration: 15ms -->
          <step title="Extracting to C:\local\Temp\zipdeploy\extracted\bg\Humanizer.resources.dll ..." date="2025-08-30T17:58:53.098" /><!-- duration: 16ms -->
          <step title="Extracting to C:\local\Temp\zipdeploy\extracted\bn-BD\Humanizer.resources.dll ..." date="2025-08-30T17:58:53.114" /><!-- duration: 0ms -->
          <step title="Omitting extracting file traces ..." date="2025-08-30T17:58:53.129" /><!-- duration: 0ms -->
        </step><!-- duration: 3890ms -->
      </step><!-- duration: 4098ms -->
      <step title="None repository commit" date="2025-08-30T17:58:56.676" >
        <step title="Commit id: abd9a91fa794465588e6351e135afe74" date="2025-08-30T17:58:56.708" Message="OneDeploy" AuthorName="N/A" AuthorEmail="N/A" /><!-- duration: 18ms -->
      </step><!-- duration: 49ms -->
      <step title="Before sending BuildRequestReceived status to /api/updatedeploystatus" date="2025-08-30T17:58:56.739" /><!-- duration: 0ms -->
      <step title="DeploymentManager.Deploy(id:abd9a91fa794465588e6351e135afe74)" date="2025-08-30T17:58:56.739" >
        <step title="Collecting changeset information" date="2025-08-30T17:58:56.755" /><!-- duration: 62ms -->
        <step title="Updating submodules" date="2025-08-30T17:58:56.833" >
          <step title="Updating submodules." date="2025-08-30T17:58:56.911" /><!-- duration: 0ms -->
        </step><!-- duration: 94ms -->
        <step title="Preparing deployment for commit id &apos;abd9a91fa7&apos;." date="2025-08-30T17:58:57.004" /><!-- duration: 31ms -->
        <step title="Determining deployment builder" date="2025-08-30T17:58:57.083" >
          <step title="Builder is OneDeployBuilder" date="2025-08-30T17:58:57.098" /><!-- duration: 16ms -->
        </step><!-- duration: 31ms -->
        <step title="Copying SSH keys" date="2025-08-30T17:58:57.129" /><!-- duration: 16ms -->
        <step title="Building" date="2025-08-30T17:58:57.145" >
          <step title="Running build. Project type: OneDeploy" date="2025-08-30T17:58:57.192" /><!-- duration: 16ms -->
          <step title="Copying the manifest" date="2025-08-30T17:58:57.290" /><!-- duration: 0ms -->
          <step title="Clean deploying to C:\home\site\wwwroot" date="2025-08-30T17:58:57.379" /><!-- duration: 16ms -->
          <step title="Generating deployment script." date="2025-08-30T17:58:57.474" /><!-- duration: 0ms -->
          <step title="Generating deployment script" date="2025-08-30T17:58:57.489" >
            <step title="Using cached version of the deployment script for command: -y --no-dot-deployment -r &quot;C:\local\Temp\zipdeploy\extracted&quot; -o &quot;C:\home\site\deployments\tools&quot; --basic --sitePath &quot;C:\local\Temp\zipdeploy\extracted&quot;" date="2025-08-30T17:58:57.536" /><!-- duration: 0ms -->
            <step title="Using cached version of deployment script (command: &apos;azure -y --no-dot-deployment -r &quot;C:\local\Temp\zipdeploy\extracted&quot; -o &quot;C:\home\site\deployments\tools&quot; --basic --sitePath &quot;C:\local\Temp\zipdeploy\extracted&quot;&apos;)." date="2025-08-30T17:58:57.551" /><!-- duration: 0ms -->
          </step><!-- duration: 78ms -->
          <step title="Running deployment command..." date="2025-08-30T17:58:57.631" /><!-- duration: 20ms -->
          <step title="Command: &quot;C:\home\site\deployments\tools\deploy.cmd&quot;" date="2025-08-30T17:58:57.676" /><!-- duration: 0ms -->
          <step title="Executing external process" date="2025-08-30T17:58:57.692" type="process" path="starter.cmd" arguments="&quot;C:\home\site\deployments\tools\deploy.cmd&quot;" >
            <step title="Handling Basic Web Site deployment." date="2025-08-30T17:58:58.304" /><!-- duration: 0ms -->
            <step title="Creating app_offline.htm" date="2025-08-30T17:59:03.220" /><!-- duration: 0ms -->
            <step title="KuduSync.NET from: &apos;C:\local\Temp\zipdeploy\extracted&apos; to: &apos;C:\home\site\wwwroot&apos;" date="2025-08-30T17:59:03.255" /><!-- duration: 10ms -->
            <step title="Deleting file: &apos;publish\appsettings.json&apos;" date="2025-08-30T17:59:03.313" /><!-- duration: 0ms -->
            <step title="Deleting file: &apos;publish\appsettings.Production.json&apos;" date="2025-08-30T17:59:03.361" /><!-- duration: 0ms -->
            <step title="Deleting file: &apos;publish\azure-deploy.json&apos;" date="2025-08-30T17:59:03.375" /><!-- duration: 16ms -->
            <step title="Deleting file: &apos;publish\psctech-backend.deps.json&apos;" date="2025-08-30T17:59:03.406" /><!-- duration: 0ms -->
            <step title="Deleting file: &apos;publish\psctech-backend.runtimeconfig.json&apos;" date="2025-08-30T17:59:03.422" /><!-- duration: 0ms -->
            <step title="Deleting file: &apos;publish\psctech-backend.staticwebassets.endpoints.json&apos;" date="2025-08-30T17:59:03.437" /><!-- duration: 0ms -->
            <step title="Deleting file: &apos;publish\web.config&apos;" date="2025-08-30T17:59:03.453" /><!-- duration: 0ms -->
            <step title="Deleting directory: &apos;publish&apos;" date="2025-08-30T17:59:03.469" /><!-- duration: 0ms -->
            <step title="Copying file: &apos;BCrypt.Net-Next.dll&apos;" date="2025-08-30T17:59:03.484" /><!-- duration: 0ms -->
            <step title="Copying file: &apos;psctech-backend.deps.json&apos;" date="2025-08-30T17:59:03.500" /><!-- duration: 16ms -->
            <step title="Copying file: &apos;psctech-backend.dll&apos;" date="2025-08-30T17:59:03.553" /><!-- duration: 10ms -->
            <step title="Copying file: &apos;psctech-backend.exe&apos;" date="2025-08-30T17:59:03.563" /><!-- duration: 15ms -->
            <step title="Copying file: &apos;psctech-backend.pdb&apos;" date="2025-08-30T17:59:03.594" /><!-- duration: 0ms -->
            <step title="Copying file: &apos;psctech-backend.runtimeconfig.json&apos;" date="2025-08-30T17:59:03.609" /><!-- duration: 16ms -->
            <step title="Deleting app_offline.htm" date="2025-08-30T17:59:03.656" /><!-- duration: 0ms -->
            <step title="Finished successfully." date="2025-08-30T17:59:03.672" /><!-- duration: 15ms -->
          </step><!-- duration: 6011ms -->
          <step title="Build completed succesfully." date="2025-08-30T17:59:03.798" /><!-- duration: 0ms -->
          <step title="Running post deployment command(s)..." date="2025-08-30T17:59:03.907" /><!-- duration: 15ms -->
          <step title="Requesting site restart" date="2025-08-30T17:59:04.047" /><!-- duration: 0ms -->
          <step title="Requesting site restart" date="2025-08-30T17:59:04.096" /><!-- duration: 0ms -->
          <step title="Requesting site restart. Attempt #1" date="2025-08-30T17:59:04.219" /><!-- duration: 17ms -->
          <step title="Requesting site restart. Attempt #1" date="2025-08-30T17:59:04.250" /><!-- duration: 0ms -->
          <step title="Successfully requested a restart. Attempt #1" date="2025-08-30T17:59:04.750" /><!-- duration: 16ms -->
          <step title="Successfully requested a restart. Attempt #1" date="2025-08-30T17:59:04.765" /><!-- duration: 16ms -->
          <step title="Deployment successful. DEPLOYMENTINFO: deploymentPath = OneDeploy, deployer = OneDeploy, os = windows, sku = Standard, siteName = psctech, siteHostName = psctech-bcdadbajcrgwa2h5.southafricanorth-01.azurewebsites.net, deploymentStatus = Success" date="2025-08-30T17:59:04.844" /><!-- duration: 35ms -->
          <step title="Purge deployment items" date="2025-08-30T17:59:05.125" >
            <step title="Remove 93d25675c, Success, received at 8/30/2025 3:24:54 AM" date="2025-08-30T17:59:05.269" /><!-- duration: 12ms -->
          </step><!-- duration: 156ms -->
        </step><!-- duration: 8184ms -->
      </step><!-- duration: 8590ms -->
      <step title="Cleaning up temp files" date="2025-08-30T17:59:05.349" /><!-- duration: 10ms -->
      <step title="Skip function trigger and logicapp sync because function is not enabled." date="2025-08-30T17:59:05.359" /><!-- duration: 15ms -->
    </step><!-- duration: 13136ms -->
    <step title="LockFile &apos;C:\home\site\locks\deployments.lock&apos; released" date="2025-08-30T17:59:05.469" /><!-- duration: 0ms -->
    <step title="Deleting shutdown sentinel file" date="2025-08-30T17:59:05.469" SemaphoreCount="8" /><!-- duration: 16ms -->
  </step><!-- duration: 18929ms -->
  <step title="Outgoing response" date="2025-08-30T17:59:05.515" type="response" statusCode="200" statusText="OK" Server="Microsoft-IIS/10.0" x-ms-request-id="eb711cc3-85ca-11f0-8866-f0d5bf67e011" Cache-Control="private" X-AspNet-Version="4.0.30319" /><!-- duration: 0ms -->
</step><!-- duration: 19098ms -->
