<step title="Incoming Request" date="2025-08-30T11:53:30.134" instance="f0ef07" url="/api/zipdeploy?isAsync=true" method="POST" type="request" pid="7648,2,14" Cache-Control="no-cache" Content-Length="175182860" Content-Type="application/octet-stream" Accept="*/*" Accept-Encoding="gzip, deflate" Authorization="Bea..." Host="psctech-bcdadbajcrgwa2h5.scm.southafricanorth-01.azurewebsites.net" User-Agent="AZURECLI/2.76.0 (MSI)" x-ms-client-request-id="e7d4d370-8597-11f0-9893-f0d5bf67e011" X-ARR-LOG-ID="e7d4d370-8597-11f0-9893-f0d5bf67e011" CLIENT-IP="41.121.22.190:18892" X-SITE-DEPLOYMENT-ID="psctech" WAS-DEFAULT-HOSTNAME="psctech-bcdadbajcrgwa2h5.scm.southafricanorth-01.azurewebsites.net" X-Forwarded-Proto="https" X-AppService-Proto="https" X-Forwarded-TlsVersion="1.3" X-WAWS-Unencoded-URL="/api/zipdeploy?isAsync=true" >
  <step title="Cleanup Xml Logs" date="2025-08-30T11:53:30.147" /><!-- duration: 16ms -->
  <step title="ZipPushDeploy" date="2025-08-30T11:53:30.632" >
    <step title="ZipDeploy. Extract zip. " date="2025-08-30T11:53:30.679" /><!-- duration: 0ms -->
    <step title="Starting PushDeployAsync" date="2025-08-30T11:53:30.729" /><!-- duration: 12ms -->
    <step title="Updating shutdown sentinel last write time" date="2025-08-30T11:53:30.882" SemaphoreCount="7" /><!-- duration: 0ms -->
    <step title="LockFile &apos;C:\home\site\locks\deployments.lock&apos; acquired" date="2025-08-30T11:53:30.897" /><!-- duration: 0ms -->
    <step title="Saving request content to C:\local\Temp\zipdeploy\ykg4lumz.zip" date="2025-08-30T11:53:30.929" >
      <step title="Total 175,182,860 bytes written to C:\local\Temp\zipdeploy\ykg4lumz.zip" date="2025-08-30T11:54:00.679" /><!-- duration: 0ms -->
    </step><!-- duration: 29765ms -->
    <step title="LockFile &apos;C:\home\site\locks\deployments.lock&apos; released" date="2025-08-30T11:54:00.694" /><!-- duration: 16ms -->
    <step title="Deleting shutdown sentinel file" date="2025-08-30T11:54:00.710" SemaphoreCount="8" /><!-- duration: 16ms -->
    <step title="Starting FetchDeploy" date="2025-08-30T11:54:00.741" /><!-- duration: 0ms -->
    <step title="Start deployment in the background" date="2025-08-30T11:54:00.757" /><!-- duration: 219ms -->
  </step><!-- duration: 30391ms -->
  <step title="Outgoing response" date="2025-08-30T11:54:01.054" type="response" statusCode="202" statusText="Accepted" Server="Microsoft-IIS/10.0" x-ms-request-id="e7d4d370-8597-11f0-9893-f0d5bf67e011" Retry-After="30" Cache-Control="private" X-AspNet-Version="4.0.30319" Location="https://psctech-bcdadbajcrgwa2h5.scm.southafricanorth-01.azurewebsites.net/api/deployments/latest?deployer=ZipDeploy&amp;time=2025-08-30_11-54-01Z" /><!-- duration: 0ms -->
</step><!-- duration: 30939ms -->
