<step title="Incoming Request" date="2025-08-29T18:13:53.577" instance="f0ef07" url="/api/zipdeploy?isAsync=true" method="POST" type="request" pid="7884,2,32" Cache-Control="no-cache" Content-Length="67556914" Content-Type="application/octet-stream" Accept="*/*" Accept-Encoding="gzip, deflate" Authorization="Bea..." Host="psctech-bcdadbajcrgwa2h5.scm.southafricanorth-01.azurewebsites.net" User-Agent="AZURECLI/2.76.0 (MSI)" x-ms-client-request-id="e46f1dd4-8503-11f0-84d1-f0d5bf67e011" X-ARR-LOG-ID="e46f1dd4-8503-11f0-84d1-f0d5bf67e011" CLIENT-IP="41.121.55.158:2436" X-SITE-DEPLOYMENT-ID="psctech" WAS-DEFAULT-HOSTNAME="psctech-bcdadbajcrgwa2h5.scm.southafricanorth-01.azurewebsites.net" X-Forwarded-Proto="https" X-AppService-Proto="https" X-Forwarded-TlsVersion="1.3" X-WAWS-Unencoded-URL="/api/zipdeploy?isAsync=true" >
  <step title="Cleanup Xml Logs" date="2025-08-29T18:13:53.577" /><!-- duration: 16ms -->
  <step title="ZipPushDeploy" date="2025-08-29T18:13:53.608" >
    <step title="ZipDeploy. Extract zip. " date="2025-08-29T18:13:53.623" /><!-- duration: 0ms -->
    <step title="Starting PushDeployAsync" date="2025-08-29T18:13:53.623" /><!-- duration: 16ms -->
    <step title="Updating shutdown sentinel last write time" date="2025-08-29T18:13:53.660" SemaphoreCount="7" /><!-- duration: 11ms -->
    <step title="LockFile &apos;C:\home\site\locks\deployments.lock&apos; acquired" date="2025-08-29T18:13:53.670" /><!-- duration: 16ms -->
    <step title="Saving request content to C:\local\Temp\zipdeploy\tl112m0s.zip" date="2025-08-29T18:13:53.686" >
      <step title="Total 67,556,914 bytes written to C:\local\Temp\zipdeploy\tl112m0s.zip" date="2025-08-29T18:14:04.579" /><!-- duration: 0ms -->
    </step><!-- duration: 10909ms -->
    <step title="LockFile &apos;C:\home\site\locks\deployments.lock&apos; released" date="2025-08-29T18:14:04.595" /><!-- duration: 0ms -->
    <step title="Deleting shutdown sentinel file" date="2025-08-29T18:14:04.610" SemaphoreCount="8" /><!-- duration: 0ms -->
    <step title="Starting FetchDeploy" date="2025-08-29T18:14:04.626" /><!-- duration: 0ms -->
    <step title="Start deployment in the background" date="2025-08-29T18:14:04.641" /><!-- duration: 94ms -->
  </step><!-- duration: 11143ms -->
  <step title="Outgoing response" date="2025-08-29T18:14:04.751" type="response" statusCode="202" statusText="Accepted" Server="Microsoft-IIS/10.0" x-ms-request-id="e46f1dd4-8503-11f0-84d1-f0d5bf67e011" Retry-After="30" Cache-Control="private" X-AspNet-Version="4.0.30319" Location="https://psctech-bcdadbajcrgwa2h5.scm.southafricanorth-01.azurewebsites.net/api/deployments/latest?deployer=ZipDeploy&amp;time=2025-08-29_18-14-04Z" /><!-- duration: 0ms -->
</step><!-- duration: 11190ms -->
