<step title="BackgroundTrace" date="2025-08-29T18:14:04.641" instance="f0ef07" url="/api/zipdeploy" method="POST" >
  <step title="Cleanup Xml Logs" date="2025-08-29T18:14:04.641" /><!-- duration: 16ms -->
  <step title="Updating shutdown sentinel last write time" date="2025-08-29T18:14:04.657" SemaphoreCount="7" /><!-- duration: 16ms -->
  <step title="LockFile &apos;C:\home\site\locks\deployments.lock&apos; acquired" date="2025-08-29T18:14:04.673" /><!-- duration: 16ms -->
  <step title="Creating temporary deployment" date="2025-08-29T18:14:04.688" /><!-- duration: 47ms -->
  <step title="Performing fetch based deployment" date="2025-08-29T18:14:04.751" >
    <step title="Fetching changes." date="2025-08-29T18:14:04.892" /><!-- duration: 0ms -->
    <step title="Starting LocalZipHandler" date="2025-08-29T18:14:04.907" /><!-- duration: 16ms -->
    <step title="Cleaning up temp folders from previous zip deployments and extracting pushed zip file C:\local\Temp\zipdeploy\tl112m0s.zip (64.43 MB) to C:\local\Temp\zipdeploy\extracted" date="2025-08-29T18:14:04.954" /><!-- duration: 0ms -->
    <step title="Cleaning up temp folders from previous zip deployments and extracting pushed zip file C:\local\Temp\zipdeploy\tl112m0s.zip (64.43 MB) to C:\local\Temp\zipdeploy\extracted" date="2025-08-29T18:14:04.954" >
      <step title="Renaming extractTargetDirectory(C:\local\Temp\zipdeploy\extracted) to tempDirectory(C:\local\Temp\zipdeploy\wz51to4i.rqs)" date="2025-08-29T18:14:04.970" /><!-- duration: 16ms -->
      <step title="Extracting 582 entries to C:\local\Temp\zipdeploy\extracted directory" date="2025-08-29T18:14:05.204" >
        <step title="Extracting to C:\local\Temp\zipdeploy\extracted\af\Humanizer.resources.dll ..." date="2025-08-29T18:14:05.220" /><!-- duration: 18ms -->
        <step title="Extracting to C:\local\Temp\zipdeploy\extracted\ar\Humanizer.resources.dll ..." date="2025-08-29T18:14:05.251" /><!-- duration: 18ms -->
        <step title="Extracting to C:\local\Temp\zipdeploy\extracted\az\Humanizer.resources.dll ..." date="2025-08-29T18:14:05.288" /><!-- duration: 10ms -->
        <step title="Extracting to C:\local\Temp\zipdeploy\extracted\bg\Humanizer.resources.dll ..." date="2025-08-29T18:14:05.317" /><!-- duration: 12ms -->
        <step title="Extracting to C:\local\Temp\zipdeploy\extracted\bn-BD\Humanizer.resources.dll ..." date="2025-08-29T18:14:05.347" /><!-- duration: 0ms -->
        <step title="Omitting extracting file traces ..." date="2025-08-29T18:14:05.376" /><!-- duration: 0ms -->
      </step><!-- duration: 11986ms -->
    </step><!-- duration: 12266ms -->
    <step title="Before sending BuildRequestReceived status to /api/updatedeploystatus" date="2025-08-29T18:14:17.220" /><!-- duration: 20ms -->
    <step title="DeploymentManager.Deploy(id:30d71223e8eb4c83a920eda3f61c0373)" date="2025-08-29T18:14:17.270" >
      <step title="Collecting changeset information" date="2025-08-29T18:14:17.300" /><!-- duration: 187ms -->
      <step title="Updating submodules" date="2025-08-29T18:14:17.517" >
        <step title="Updating submodules." date="2025-08-29T18:14:17.876" /><!-- duration: 0ms -->
      </step><!-- duration: 359ms -->
      <step title="Preparing deployment for commit id &apos;30d71223e8&apos;." date="2025-08-29T18:14:17.974" /><!-- duration: 12ms -->
      <step title="Determining deployment builder" date="2025-08-29T18:14:18.034" >
        <step title="Builder is BasicBuilder" date="2025-08-29T18:14:18.048" /><!-- duration: 16ms -->
      </step><!-- duration: 47ms -->
      <step title="Copying SSH keys" date="2025-08-29T18:14:18.110" /><!-- duration: 21ms -->
      <step title="Building" date="2025-08-29T18:14:18.142" >
        <step title="Generating deployment script." date="2025-08-29T18:14:18.222" /><!-- duration: 0ms -->
        <step title="Generating deployment script" date="2025-08-29T18:14:18.235" >
          <step title="Using cached version of the deployment script for command: -y --no-dot-deployment -r &quot;C:\local\Temp\zipdeploy\extracted&quot; -o &quot;C:\home\site\deployments\tools&quot; --basic --sitePath &quot;C:\local\Temp\zipdeploy\extracted&quot;" date="2025-08-29T18:14:18.251" /><!-- duration: 16ms -->
          <step title="Using cached version of deployment script (command: &apos;azure -y --no-dot-deployment -r &quot;C:\local\Temp\zipdeploy\extracted&quot; -o &quot;C:\home\site\deployments\tools&quot; --basic --sitePath &quot;C:\local\Temp\zipdeploy\extracted&quot;&apos;)." date="2025-08-29T18:14:18.284" /><!-- duration: 0ms -->
        </step><!-- duration: 48ms -->
        <step title="Running deployment command..." date="2025-08-29T18:14:18.346" /><!-- duration: 0ms -->
        <step title="Command: &quot;C:\home\site\deployments\tools\deploy.cmd&quot;" date="2025-08-29T18:14:18.376" /><!-- duration: 0ms -->
        <step title="Executing external process" date="2025-08-29T18:14:18.392" type="process" path="starter.cmd" arguments="&quot;C:\home\site\deployments\tools\deploy.cmd&quot;" >
          <step title="Handling Basic Web Site deployment." date="2025-08-29T18:14:18.976" /><!-- duration: 10ms -->
          <step title="Creating app_offline.htm" date="2025-08-29T18:14:20.157" /><!-- duration: 19ms -->
          <step title="KuduSync.NET from: &apos;C:\local\Temp\zipdeploy\extracted&apos; to: &apos;C:\home\site\wwwroot&apos;" date="2025-08-29T18:14:20.205" /><!-- duration: 20ms -->
          <step title="Deleting file: &apos;api\auth.js&apos;" date="2025-08-29T18:14:20.236" /><!-- duration: 20ms -->
          <step title="Deleting file: &apos;api\competitions.js&apos;" date="2025-08-29T18:14:20.267" /><!-- duration: 0ms -->
          <step title="Deleting file: &apos;api\index.js&apos;" date="2025-08-29T18:14:20.282" /><!-- duration: 16ms -->
          <step title="Deleting file: &apos;api\institutions.js&apos;" date="2025-08-29T18:14:20.298" /><!-- duration: 0ms -->
          <step title="Deleting file: &apos;api\learner.js&apos;" date="2025-08-29T18:14:20.314" /><!-- duration: 0ms -->
          <step title="Deleting file: &apos;api\principals.js&apos;" date="2025-08-29T18:14:20.329" /><!-- duration: 0ms -->
          <step title="Deleting file: &apos;api\superadmin.js&apos;" date="2025-08-29T18:14:20.345" /><!-- duration: 0ms -->
          <step title="Deleting file: &apos;api\teacher-attendance.js&apos;" date="2025-08-29T18:14:20.360" /><!-- duration: 0ms -->
          <step title="Deleting file: &apos;api\teachers.js&apos;" date="2025-08-29T18:14:20.377" /><!-- duration: 0ms -->
          <step title="Deleting file: &apos;api\users.js&apos;" date="2025-08-29T18:14:20.392" /><!-- duration: 31ms -->
          <step title="Deleting file: &apos;api\vouchers.js&apos;" date="2025-08-29T18:14:20.439" /><!-- duration: 0ms -->
          <step title="Deleting directory: &apos;api&apos;" date="2025-08-29T18:14:20.454" /><!-- duration: 16ms -->
          <step title="Deleting file: &apos;start-backend.js&apos;" date="2025-08-29T18:14:20.489" /><!-- duration: 0ms -->
          <step title="Deleting app_offline.htm" date="2025-08-29T18:14:20.489" /><!-- duration: 16ms -->
          <step title="Finished successfully." date="2025-08-29T18:14:20.505" /><!-- duration: 0ms -->
        </step><!-- duration: 2129ms -->
        <step title="Running post deployment command(s)..." date="2025-08-29T18:14:20.599" /><!-- duration: 16ms -->
        <step title="Triggering recycle (preview mode disabled)." date="2025-08-29T18:14:20.692" /><!-- duration: 16ms -->
        <step title="Ignoring FS watcher based recycle request as this is a classic Windows app." date="2025-08-29T18:14:20.708" /><!-- duration: 16ms -->
        <step title="Deployment successful. DEPLOYMENTINFO: deploymentPath = ZipDeploy. Extract zip. , deployer = ZipDeploy, os = windows, sku = Standard, siteName = psctech, siteHostName = psctech-bcdadbajcrgwa2h5.southafricanorth-01.azurewebsites.net, deploymentStatus = Success" date="2025-08-29T18:14:20.833" /><!-- duration: 18ms -->
      </step><!-- duration: 2863ms -->
    </step><!-- duration: 3735ms -->
    <step title="Cleaning up temp files" date="2025-08-29T18:14:21.021" /><!-- duration: 0ms -->
    <step title="Skip function trigger and logicapp sync because function is not enabled." date="2025-08-29T18:14:21.036" /><!-- duration: 0ms -->
  </step><!-- duration: 16369ms -->
  <step title="LockFile &apos;C:\home\site\locks\deployments.lock&apos; released" date="2025-08-29T18:14:21.130" /><!-- duration: 0ms -->
  <step title="Deleting shutdown sentinel file" date="2025-08-29T18:14:21.146" SemaphoreCount="8" /><!-- duration: 0ms -->
</step><!-- duration: 16520ms -->
