<step title="BackgroundTrace" date="2025-08-30T06:45:18.154" instance="f0ef07" url="/api/zipdeploy" method="POST" >
  <step title="Cleanup Xml Logs" date="2025-08-30T06:45:18.154" /><!-- duration: 12ms -->
  <step title="Updating shutdown sentinel last write time" date="2025-08-30T06:45:18.197" SemaphoreCount="7" /><!-- duration: 0ms -->
  <step title="LockFile &apos;C:\home\site\locks\deployments.lock&apos; acquired" date="2025-08-30T06:45:18.213" /><!-- duration: 0ms -->
  <step title="Creating temporary deployment" date="2025-08-30T06:45:18.228" /><!-- duration: 78ms -->
  <step title="Performing fetch based deployment" date="2025-08-30T06:45:18.353" >
    <step title="Fetching changes." date="2025-08-30T06:45:18.556" /><!-- duration: 16ms -->
    <step title="Starting LocalZipHandler" date="2025-08-30T06:45:18.588" /><!-- duration: 0ms -->
    <step title="Cleaning up temp folders from previous zip deployments and extracting pushed zip file C:\local\Temp\zipdeploy\wq03sxxw.zip (166.80 MB) to C:\local\Temp\zipdeploy\extracted" date="2025-08-30T06:45:18.619" /><!-- duration: 16ms -->
    <step title="Cleaning up temp folders from previous zip deployments and extracting pushed zip file C:\local\Temp\zipdeploy\wq03sxxw.zip (166.80 MB) to C:\local\Temp\zipdeploy\extracted" date="2025-08-30T06:45:18.635" >
      <step title="Extracting 293 entries to C:\local\Temp\zipdeploy\extracted directory" date="2025-08-30T06:45:18.879" >
        <step title="Extracting to C:\local\Temp\zipdeploy\extracted\af\Humanizer.resources.dll ..." date="2025-08-30T06:45:18.879" /><!-- duration: 16ms -->
        <step title="Extracting to C:\local\Temp\zipdeploy\extracted\api\auth.js ..." date="2025-08-30T06:45:18.895" /><!-- duration: 16ms -->
        <step title="Extracting to C:\local\Temp\zipdeploy\extracted\api\competitions.js ..." date="2025-08-30T06:45:18.910" /><!-- duration: 16ms -->
        <step title="Extracting to C:\local\Temp\zipdeploy\extracted\api\index.js ..." date="2025-08-30T06:45:18.926" /><!-- duration: 0ms -->
        <step title="Extracting to C:\local\Temp\zipdeploy\extracted\api\institutions.js ..." date="2025-08-30T06:45:18.941" /><!-- duration: 0ms -->
        <step title="Omitting extracting file traces ..." date="2025-08-30T06:45:18.941" /><!-- duration: 16ms -->
      </step><!-- duration: 6063ms -->
    </step><!-- duration: 6526ms -->
    <step title="Before sending BuildRequestReceived status to /api/updatedeploystatus" date="2025-08-30T06:45:25.645" /><!-- duration: 18ms -->
    <step title="DeploymentManager.Deploy(id:911f824aa71842fd921081b602833116)" date="2025-08-30T06:45:25.693" >
      <step title="Collecting changeset information" date="2025-08-30T06:45:25.707" /><!-- duration: 63ms -->
      <step title="Updating submodules" date="2025-08-30T06:45:25.770" >
        <step title="Updating submodules." date="2025-08-30T06:45:25.863" /><!-- duration: 0ms -->
      </step><!-- duration: 94ms -->
      <step title="Preparing deployment for commit id &apos;911f824aa7&apos;." date="2025-08-30T06:45:26.301" /><!-- duration: 16ms -->
      <step title="Determining deployment builder" date="2025-08-30T06:45:26.364" >
        <step title="Builder is BasicBuilder" date="2025-08-30T06:45:26.398" /><!-- duration: 0ms -->
      </step><!-- duration: 47ms -->
      <step title="Copying SSH keys" date="2025-08-30T06:45:26.442" /><!-- duration: 16ms -->
      <step title="Building" date="2025-08-30T06:45:26.473" >
        <step title="Generating deployment script." date="2025-08-30T06:45:26.520" /><!-- duration: 16ms -->
        <step title="Generating deployment script" date="2025-08-30T06:45:26.535" >
          <step title="Using cached version of the deployment script for command: -y --no-dot-deployment -r &quot;C:\local\Temp\zipdeploy\extracted&quot; -o &quot;C:\home\site\deployments\tools&quot; --basic --sitePath &quot;C:\local\Temp\zipdeploy\extracted&quot;" date="2025-08-30T06:45:26.692" /><!-- duration: 16ms -->
          <step title="Using cached version of deployment script (command: &apos;azure -y --no-dot-deployment -r &quot;C:\local\Temp\zipdeploy\extracted&quot; -o &quot;C:\home\site\deployments\tools&quot; --basic --sitePath &quot;C:\local\Temp\zipdeploy\extracted&quot;&apos;)." date="2025-08-30T06:45:26.707" /><!-- duration: 0ms -->
        </step><!-- duration: 188ms -->
        <step title="Running deployment command..." date="2025-08-30T06:45:26.832" /><!-- duration: 0ms -->
        <step title="Command: &quot;C:\home\site\deployments\tools\deploy.cmd&quot;" date="2025-08-30T06:45:26.864" /><!-- duration: 0ms -->
        <step title="Executing external process" date="2025-08-30T06:45:26.910" type="process" path="starter.cmd" arguments="&quot;C:\home\site\deployments\tools\deploy.cmd&quot;" >
          <step title="Handling Basic Web Site deployment." date="2025-08-30T06:45:28.196" /><!-- duration: 30ms -->
          <step title="Creating app_offline.htm" date="2025-08-30T06:45:29.371" /><!-- duration: 31ms -->
          <step title="KuduSync.NET from: &apos;C:\local\Temp\zipdeploy\extracted&apos; to: &apos;C:\home\site\wwwroot&apos;" date="2025-08-30T06:45:29.418" /><!-- duration: 16ms -->
          <step title="Copying file: &apos;.env&apos;" date="2025-08-30T06:45:29.483" /><!-- duration: 0ms -->
          <step title="Copying file: &apos;appsettings.json&apos;" date="2025-08-30T06:45:29.543" /><!-- duration: 20ms -->
          <step title="Copying file: &apos;appsettings.Production.json&apos;" date="2025-08-30T06:45:29.574" /><!-- duration: 19ms -->
          <step title="Copying file: &apos;azure-deploy.json&apos;" date="2025-08-30T06:45:29.623" /><!-- duration: 13ms -->
          <step title="Copying file: &apos;Azure.Core.dll&apos;" date="2025-08-30T06:45:29.654" /><!-- duration: 15ms -->
          <step title="Copying file: &apos;Azure.Identity.dll&apos;" date="2025-08-30T06:45:29.684" /><!-- duration: 16ms -->
          <step title="Copying file: &apos;dotnet-aspnet-codegenerator-design.dll&apos;" date="2025-08-30T06:45:29.715" /><!-- duration: 0ms -->
          <step title="Copying file: &apos;Humanizer.dll&apos;" date="2025-08-30T06:45:29.746" /><!-- duration: 0ms -->
          <step title="Copying file: &apos;Microsoft.AspNetCore.Authentication.JwtBearer.dll&apos;" date="2025-08-30T06:45:29.777" /><!-- duration: 17ms -->
          <step title="Copying file: &apos;Microsoft.AspNetCore.Razor.Language.dll&apos;" date="2025-08-30T06:45:29.824" /><!-- duration: 0ms -->
          <step title="Copying file: &apos;Microsoft.AspNetCore.SpaServices.Extensions.dll&apos;" date="2025-08-30T06:45:29.856" /><!-- duration: 19ms -->
          <step title="Copying file: &apos;Microsoft.Azure.KeyVault.dll&apos;" date="2025-08-30T06:45:29.905" /><!-- duration: 0ms -->
          <step title="Copying file: &apos;Microsoft.Azure.KeyVault.WebKey.dll&apos;" date="2025-08-30T06:45:29.935" /><!-- duration: 20ms -->
          <step title="Copying file: &apos;Microsoft.Azure.Services.AppAuthentication.dll&apos;" date="2025-08-30T06:45:29.965" /><!-- duration: 0ms -->
          <step title="Copying file: &apos;Microsoft.Bcl.AsyncInterfaces.dll&apos;" date="2025-08-30T06:45:29.996" /><!-- duration: 19ms -->
          <step title="Copying file: &apos;Microsoft.Build.dll&apos;" date="2025-08-30T06:45:30.045" /><!-- duration: 13ms -->
          <step title="Copying file: &apos;Microsoft.Build.Framework.dll&apos;" date="2025-08-30T06:45:30.096" /><!-- duration: 10ms -->
          <step title="Copying file: &apos;Microsoft.CodeAnalysis.AnalyzerUtilities.dll&apos;" date="2025-08-30T06:45:30.137" /><!-- duration: 0ms -->
          <step title="Copying file: &apos;Microsoft.CodeAnalysis.CSharp.dll&apos;" date="2025-08-30T06:45:30.168" /><!-- duration: 18ms -->
          <step title="Copying file: &apos;Microsoft.CodeAnalysis.CSharp.Features.dll&apos;" date="2025-08-30T06:45:30.199" /><!-- duration: 17ms -->
          <step title="Copying file: &apos;Microsoft.CodeAnalysis.CSharp.Workspaces.dll&apos;" date="2025-08-30T06:45:30.231" /><!-- duration: 16ms -->
          <step title="Copying file: &apos;Microsoft.CodeAnalysis.dll&apos;" date="2025-08-30T06:45:30.277" /><!-- duration: 19ms -->
          <step title="Copying file: &apos;Microsoft.CodeAnalysis.Elfie.dll&apos;" date="2025-08-30T06:45:30.327" /><!-- duration: 0ms -->
          <step title="Copying file: &apos;Microsoft.CodeAnalysis.Features.dll&apos;" date="2025-08-30T06:45:30.357" /><!-- duration: 0ms -->
          <step title="Copying file: &apos;Microsoft.CodeAnalysis.Razor.dll&apos;" date="2025-08-30T06:45:30.387" /><!-- duration: 0ms -->
          <step title="Copying file: &apos;Microsoft.CodeAnalysis.Scripting.dll&apos;" date="2025-08-30T06:45:30.402" /><!-- duration: 16ms -->
          <step title="Copying file: &apos;Microsoft.CodeAnalysis.Workspaces.dll&apos;" date="2025-08-30T06:45:30.449" /><!-- duration: 18ms -->
          <step title="Copying file: &apos;Microsoft.Data.SqlClient.dll&apos;" date="2025-08-30T06:45:30.497" /><!-- duration: 0ms -->
          <step title="Copying file: &apos;Microsoft.DiaSymReader.dll&apos;" date="2025-08-30T06:45:30.528" /><!-- duration: 0ms -->
          <step title="Copying file: &apos;Microsoft.DotNet.Scaffolding.Shared.dll&apos;" date="2025-08-30T06:45:30.559" /><!-- duration: 31ms -->
          <step title="Copying file: &apos;Microsoft.EntityFrameworkCore.Abstractions.dll&apos;" date="2025-08-30T06:45:30.621" /><!-- duration: 17ms -->
          <step title="Copying file: &apos;Microsoft.EntityFrameworkCore.dll&apos;" date="2025-08-30T06:45:30.668" /><!-- duration: 0ms -->
          <step title="Copying file: &apos;Microsoft.EntityFrameworkCore.Relational.dll&apos;" date="2025-08-30T06:45:30.719" /><!-- duration: 12ms -->
          <step title="Copying file: &apos;Microsoft.EntityFrameworkCore.SqlServer.dll&apos;" date="2025-08-30T06:45:30.762" /><!-- duration: 17ms -->
          <step title="Copying file: &apos;Microsoft.Extensions.Configuration.AzureKeyVault.dll&apos;" date="2025-08-30T06:45:30.809" /><!-- duration: 0ms -->
          <step title="Copying file: &apos;Microsoft.Extensions.DependencyModel.dll&apos;" date="2025-08-30T06:45:30.824" /><!-- duration: 16ms -->
          <step title="Copying file: &apos;Microsoft.Extensions.Hosting.Systemd.dll&apos;" date="2025-08-30T06:45:30.871" /><!-- duration: 0ms -->
          <step title="Copying file: &apos;Microsoft.Extensions.Hosting.WindowsServices.dll&apos;" date="2025-08-30T06:45:30.920" /><!-- duration: 0ms -->
          <step title="Copying file: &apos;Microsoft.Identity.Client.dll&apos;" date="2025-08-30T06:45:30.934" /><!-- duration: 16ms -->
          <step title="Copying file: &apos;Microsoft.Identity.Client.Extensions.Msal.dll&apos;" date="2025-08-30T06:45:30.965" /><!-- duration: 0ms -->
          <step title="Copying file: &apos;Microsoft.IdentityModel.Abstractions.dll&apos;" date="2025-08-30T06:45:31.000" /><!-- duration: 0ms -->
          <step title="Copying file: &apos;Microsoft.IdentityModel.Clients.ActiveDirectory.dll&apos;" date="2025-08-30T06:45:31.012" /><!-- duration: 18ms -->
          <step title="Copying file: &apos;Microsoft.IdentityModel.Clients.ActiveDirectory.Platform.dll&apos;" date="2025-08-30T06:45:31.061" /><!-- duration: 14ms -->
          <step title="Copying file: &apos;Microsoft.IdentityModel.JsonWebTokens.dll&apos;" date="2025-08-30T06:45:31.091" /><!-- duration: 15ms -->
          <step title="Copying file: &apos;Microsoft.IdentityModel.Logging.dll&apos;" date="2025-08-30T06:45:31.121" /><!-- duration: 0ms -->
          <step title="Copying file: &apos;Microsoft.IdentityModel.Protocols.dll&apos;" date="2025-08-30T06:45:31.137" /><!-- duration: 16ms -->
          <step title="Copying file: &apos;Microsoft.IdentityModel.Protocols.OpenIdConnect.dll&apos;" date="2025-08-30T06:45:31.168" /><!-- duration: 0ms -->
          <step title="Copying file: &apos;Microsoft.IdentityModel.Tokens.dll&apos;" date="2025-08-30T06:45:31.202" /><!-- duration: 13ms -->
          <step title="Omitting next output lines..." date="2025-08-30T06:45:31.252" /><!-- duration: 10ms -->
          <step title="Finished successfully." date="2025-08-30T06:45:39.791" /><!-- duration: 10ms -->
        </step><!-- duration: 12891ms -->
        <step title="Running post deployment command(s)..." date="2025-08-30T06:45:39.926" /><!-- duration: 0ms -->
        <step title="Triggering recycle (preview mode disabled)." date="2025-08-30T06:45:40.051" /><!-- duration: 0ms -->
        <step title="Ignoring FS watcher based recycle request as this is a classic Windows app." date="2025-08-30T06:45:40.082" /><!-- duration: 0ms -->
        <step title="Deployment successful. DEPLOYMENTINFO: deploymentPath = ZipDeploy. Extract zip. , deployer = ZipDeploy, os = windows, sku = Standard, siteName = psctech, siteHostName = psctech-bcdadbajcrgwa2h5.southafricanorth-01.azurewebsites.net, deploymentStatus = Success" date="2025-08-30T06:45:40.160" /><!-- duration: 16ms -->
      </step><!-- duration: 13890ms -->
    </step><!-- duration: 14686ms -->
    <step title="Cleaning up temp files" date="2025-08-30T06:45:40.394" /><!-- duration: 0ms -->
    <step title="Skip function trigger and logicapp sync because function is not enabled." date="2025-08-30T06:45:40.426" /><!-- duration: 0ms -->
  </step><!-- duration: 22119ms -->
  <step title="LockFile &apos;C:\home\site\locks\deployments.lock&apos; released" date="2025-08-30T06:45:40.473" /><!-- duration: 16ms -->
  <step title="Deleting shutdown sentinel file" date="2025-08-30T06:45:40.488" SemaphoreCount="8" /><!-- duration: 0ms -->
</step><!-- duration: 22350ms -->
