﻿<?xml version="1.0" encoding="utf-8"?>
<deployment>
  <id>872a77a274b548b29fbac3213e640738</id>
  <author>N/A</author>
  <deployer>OneDeploy</deployer>
  <authorEmail>N/A</authorEmail>
  <message>OneDeploy</message>
  <progress></progress>
  <status>Success</status>
  <statusText></statusText>
  <lastSuccessEndTime>2025-08-30T18:15:48.5807608Z</lastSuccessEndTime>
  <receivedTime>2025-08-30T18:15:39.8543922Z</receivedTime>
  <startTime>2025-08-30T18:15:40.1381828Z</startTime>
  <endTime>2025-08-30T18:15:48.5807608Z</endTime>
  <complete>True</complete>
  <is_temp>False</is_temp>
  <is_readonly>True</is_readonly>
  <project_type>OneDeploy</project_type>
  <vsproject_id></vsproject_id>
</deployment>