﻿<?xml version="1.0" encoding="utf-8"?>
<deployment>
  <id>f907cb50d96b42fbace29245dd4e099f</id>
  <author>N/A</author>
  <deployer>ZipDeploy</deployer>
  <authorEmail>N/A</authorEmail>
  <message>Created via a push deployment</message>
  <progress></progress>
  <status>Success</status>
  <statusText></statusText>
  <lastSuccessEndTime>2025-08-30T13:15:19.2902276Z</lastSuccessEndTime>
  <receivedTime>2025-08-30T13:15:12.1624311Z</receivedTime>
  <startTime>2025-08-30T13:15:12.5583456Z</startTime>
  <endTime>2025-08-30T13:15:19.2902276Z</endTime>
  <complete>True</complete>
  <is_temp>False</is_temp>
  <is_readonly>True</is_readonly>
  <project_type>BASIC</project_type>
  <vsproject_id></vsproject_id>
</deployment>