﻿<?xml version="1.0" encoding="utf-8"?>
<deployment>
  <id>18468e59ec164a07b49ccd12bfd25ac1</id>
  <author>N/A</author>
  <deployer>ZipDeploy</deployer>
  <authorEmail>N/A</authorEmail>
  <message>Created via a push deployment</message>
  <progress></progress>
  <status>Success</status>
  <statusText></statusText>
  <lastSuccessEndTime>2025-08-30T11:54:24.2262018Z</lastSuccessEndTime>
  <receivedTime>2025-08-30T11:54:08.069742Z</receivedTime>
  <startTime>2025-08-30T11:54:09.1948415Z</startTime>
  <endTime>2025-08-30T11:54:24.2262018Z</endTime>
  <complete>True</complete>
  <is_temp>False</is_temp>
  <is_readonly>True</is_readonly>
  <project_type>BASIC</project_type>
  <vsproject_id></vsproject_id>
</deployment>