﻿<?xml version="1.0" encoding="utf-8"?>
<deployment>
  <id>86e4db2d88ca4faa858c59834181f767</id>
  <author>N/A</author>
  <deployer>OneDeploy</deployer>
  <authorEmail>N/A</authorEmail>
  <message>OneDeploy</message>
  <progress></progress>
  <status>Success</status>
  <statusText></statusText>
  <lastSuccessEndTime>2025-08-30T15:10:29.1375561Z</lastSuccessEndTime>
  <receivedTime>2025-08-30T15:10:20.2535729Z</receivedTime>
  <startTime>2025-08-30T15:10:20.534758Z</startTime>
  <endTime>2025-08-30T15:10:29.1375561Z</endTime>
  <complete>True</complete>
  <is_temp>False</is_temp>
  <is_readonly>True</is_readonly>
  <project_type>OneDeploy</project_type>
  <vsproject_id></vsproject_id>
</deployment>