{"TimeStamp":"2025-08-30T18:39:01Z","SiteName":"psctech","RequestId":"853f9ae0-85d0-11f0-82a0-f0d5bf67e011","Kind":"OneDeploy","Status":"Success","Details":"{\"Id\":\"18493085d18a466ea73201b3f7c6f0c0\",\"Status\":4,\"StatusText\":\"\",\"AuthorEmail\":\"N/A\",\"Author\":\"N/A\",\"Message\":\"OneDeploy\",\"Progress\":\"\",\"Deployer\":\"OneDeploy\",\"ReceivedTime\":\"2025-08-30T18:38:53.3569351Z\",\"StartTime\":\"2025-08-30T18:38:53.6850663Z\",\"EndTime\":\"2025-08-30T18:39:01.6390363Z\",\"LastSuccessEndTime\":\"2025-08-30T18:39:01.6390363Z\",\"Complete\":true,\"IsTemporary\":false,\"IsReadOnly\":true,\"SiteName\":\"psctech\",\"HostName\":\"psctech-bcdadbajcrgwa2h5.scm.southafricanorth-01.azurewebsites.net\",\"ProjectType\":\"OneDeploy\",\"VsProjectId\":null}"}