﻿<?xml version="1.0" encoding="utf-8"?>
<deployment>
  <id>18493085d18a466ea73201b3f7c6f0c0</id>
  <author>N/A</author>
  <deployer>OneDeploy</deployer>
  <authorEmail>N/A</authorEmail>
  <message>OneDeploy</message>
  <progress></progress>
  <status>Success</status>
  <statusText></statusText>
  <lastSuccessEndTime>2025-08-30T18:39:01.6390363Z</lastSuccessEndTime>
  <receivedTime>2025-08-30T18:38:53.3569351Z</receivedTime>
  <startTime>2025-08-30T18:38:53.6850663Z</startTime>
  <endTime>2025-08-30T18:39:01.6390363Z</endTime>
  <complete>True</complete>
  <is_temp>False</is_temp>
  <is_readonly>True</is_readonly>
  <project_type>OneDeploy</project_type>
  <vsproject_id></vsproject_id>
</deployment>