{
  "type": "service_account",
  "project_id": "psctech-school-portal",
  "private_key_id": "xxxxxxxxxxxxxxxxxxxxxxxxxxxxxxxxxxxxxxxx",
  "private_key": "-----BEGIN PRIVATE KEY-----\nREDACTED_FOR_SECURITY_REPLACE_WITH_ACTUAL_KEY\n-----END PRIVATE KEY-----\n",
  "client_email": "firebase-adminsdk@psctech-school-portal.iam.gserviceaccount.com",
  "client_id": "000000000000000000000",
  "auth_uri": "https://accounts.google.com/o/oauth2/auth",
  "token_uri": "https://oauth2.googleapis.com/token",
  "auth_provider_x509_cert_url": "https://www.googleapis.com/oauth2/v1/certs",
  "client_x509_cert_url": "https://www.googleapis.com/robot/v1/metadata/x509/firebase-adminsdk%40psctech-school-portal.iam.gserviceaccount.com",
  "universe_domain": "googleapis.com"
}