﻿<?xml version="1.0" encoding="utf-8"?>
<deployment>
  <id>abd9a91fa794465588e6351e135afe74</id>
  <author>N/A</author>
  <deployer>OneDeploy</deployer>
  <authorEmail>N/A</authorEmail>
  <message>OneDeploy</message>
  <progress></progress>
  <status>Success</status>
  <statusText></statusText>
  <lastSuccessEndTime>2025-08-30T17:59:04.8909188Z</lastSuccessEndTime>
  <receivedTime>2025-08-30T17:58:56.7862045Z</receivedTime>
  <startTime>2025-08-30T17:58:57.0674586Z</startTime>
  <endTime>2025-08-30T17:59:04.8909188Z</endTime>
  <complete>True</complete>
  <is_temp>False</is_temp>
  <is_readonly>True</is_readonly>
  <project_type>OneDeploy</project_type>
  <vsproject_id></vsproject_id>
</deployment>