﻿<?xml version="1.0" encoding="utf-8"?>
<deployment>
  <id>8526445e5b5d4798bc89e82f6270aab6</id>
  <author>N/A</author>
  <deployer>OneDeploy</deployer>
  <authorEmail>N/A</authorEmail>
  <message>OneDeploy</message>
  <progress></progress>
  <status>Success</status>
  <statusText></statusText>
  <lastSuccessEndTime>2025-08-30T14:43:47.3630159Z</lastSuccessEndTime>
  <receivedTime>2025-08-30T14:43:39.0700962Z</receivedTime>
  <startTime>2025-08-30T14:43:39.4100961Z</startTime>
  <endTime>2025-08-30T14:43:47.3630159Z</endTime>
  <complete>True</complete>
  <is_temp>False</is_temp>
  <is_readonly>True</is_readonly>
  <project_type>OneDeploy</project_type>
  <vsproject_id></vsproject_id>
</deployment>