﻿<?xml version="1.0" encoding="utf-8"?>
<deployment>
  <id>4d6b52e308b6469d953efca4413aa025</id>
  <author>N/A</author>
  <deployer>OneDeploy</deployer>
  <authorEmail>N/A</authorEmail>
  <message>OneDeploy</message>
  <progress></progress>
  <status>Success</status>
  <statusText></statusText>
  <lastSuccessEndTime>2025-08-30T18:26:58.1107007Z</lastSuccessEndTime>
  <receivedTime>2025-08-30T18:26:50.5369371Z</receivedTime>
  <startTime>2025-08-30T18:26:50.8338183Z</startTime>
  <endTime>2025-08-30T18:26:58.1107007Z</endTime>
  <complete>True</complete>
  <is_temp>False</is_temp>
  <is_readonly>True</is_readonly>
  <project_type>OneDeploy</project_type>
  <vsproject_id></vsproject_id>
</deployment>