﻿<?xml version="1.0" encoding="utf-8"?>
<deployment>
  <id>87fd3476ab934a2381a4d0c2b207751c</id>
  <author>N/A</author>
  <deployer>OneDeploy</deployer>
  <authorEmail>N/A</authorEmail>
  <message>OneDeploy</message>
  <progress></progress>
  <status>Success</status>
  <statusText></statusText>
  <lastSuccessEndTime>2025-08-30T14:19:08.5985365Z</lastSuccessEndTime>
  <receivedTime>2025-08-30T14:18:56.3199041Z</receivedTime>
  <startTime>2025-08-30T14:18:56.7261562Z</startTime>
  <endTime>2025-08-30T14:19:08.5985365Z</endTime>
  <complete>True</complete>
  <is_temp>False</is_temp>
  <is_readonly>True</is_readonly>
  <project_type>OneDeploy</project_type>
  <vsproject_id></vsproject_id>
</deployment>